login_mean,login_std,files_mean,files_max,files_std,failed_total,sensitive_total,emails_mean,emails_max,usb_total,after_hours_mean,after_hours_max,vpn_total,sensitive_ratio,failed_login_rate,usb_rate,vpn_rate,weekend_activity_ratio,user_id,role,if_score,svm_score,ae_score,risk_score_raw,risk_score,risk_level
1.4305177455671263,2.526516970675172,4.344248603980844,1.0636862818180697,2.3491311957470136,4.172384355352609,3.842665749606934,0.7449327509731956,1.091835453499027,2.6744903433619465,3.023817372868798,0.96348245738093,-1.0756452265702685,0.1271343382427473,4.172384355352609,2.6744903433619465,-1.0756452265702685,-0.610570696953532,51,admin,0.1276342024293029,-0.00014822139005599144,0.04650372154644989,1.2310003490698922,100.0,Critical
0.5241965711495981,1.8312082302904,1.5927874239285071,0.3480563674450563,1.3712112969805554,2.5315590470678755,3.2676459347216187,0.931069661004409,0.3253661986734552,1.394829891992594,3.264279987013434,0.96348245738093,-0.7825538841805496,1.563018950109444,2.531559047067875,1.394829891992594,-0.7825538841805497,0.0105638495412757,117,engineer,0.02038315570772198,0.00024262642710748406,0.05164142158114857,0.9206069082073771,82.04424354350981,Critical
0.8671289074156909,2.062702466217201,3.955257862220382,0.9465832049206672,2.3566738732048345,3.58637531667949,2.539287502533553,0.1512201931150137,0.7852477515687986,3.040107615181761,2.783354758724162,0.96348245738093,1.8552681973269196,-0.3614639892933564,3.58637531667949,3.040107615181761,1.8552681973269196,-0.8941293538041967,113,admin,0.11164057964324325,0.00013349246384286584,0.08034582661326779,0.9120724531755835,81.55053918038304,Critical
-0.1616681013825851,2.038869899772752,2.666401871187383,1.10272064078387,2.4882917465572763,2.4143572393332517,2.884299391464742,0.9086048615178832,0.9385416025339128,2.126064435632224,3.023817372868798,0.96348245738093,0.3898114853783255,0.4281716558782044,2.414357239333251,2.126064435632224,0.389811485378325,1.597929696009444,181,engineer,0.039030491544174706,4.908359935740236e-05,0.07400903797207178,0.8411183762851762,77.44596106591331,Critical
-0.8965231076670657,0.7832876804133517,1.2530688427910366,0.9205602989434668,1.9309538936367536,2.4143572393332517,2.8076300828133665,-0.0702185446807406,0.9385416025339128,-0.4332564671064805,2.0619669162902543,0.96348245738093,0.6829028277680442,1.5499521515976582,2.414357239333251,-0.4332564671064808,0.6829028277680447,1.3247214443178486,127,intern,-0.0012406655193154537,5.491524651568547e-05,0.19192823215378252,0.8313925044749002,76.88333517708304,Critical
0.0342932336266119,1.7344013223163304,2.733826933092531,0.6863541451486626,2.4413047639103387,2.765962662537123,2.4242835395564897,0.7385142368341879,0.4786600496385696,1.0292126201727791,2.663123451651844,0.96348245738093,0.6829028277680442,0.1004676410595033,2.765962662537123,1.029212620172779,0.6829028277680447,1.5536535428768052,82,engineer,0.011890104571175897,-0.07094918366365399,0.05804442699881453,0.7559893736702717,72.52138651920374,High
0.2792449023881049,1.781732136049915,1.1182187189807429,1.0506748288294692,1.3083301018218807,2.6487608548024992,2.3092795765794265,0.7224679514866698,0.7086008260862413,1.2120212560826866,2.0619669162902543,0.96348245738093,-0.4894625417908309,1.253205731543228,2.648760854802499,1.2120212560826864,-0.489462541790831,-0.6157857452373933,85,engineer,-0.03365106240079607,-0.16418637868702324,0.06001128845606475,0.6845917806725503,68.39115171822245,High
0.7201579061587925,1.7581233474662137,1.2582553860145091,0.6603312391714621,1.2727110635455727,2.4143572393332517,2.3476142309051142,0.6775383525136179,1.0535119907577488,1.5776385279025016,2.182198223362572,0.96348245738093,0.975994170157763,1.1369210217601071,2.414357239333251,1.5776385279025014,0.9759941701577634,0.5403613660135567,42,engineer,-0.02641925229392017,-0.1557956189505907,0.0762950624504159,0.6755281490560867,67.86683534908676,High
1.69996458120477,1.4933490594838803,2.062169585652798,0.5952739742284608,1.4130703293072515,1.828348200660132,2.155940959276676,1.3482730800398883,0.6702773633449627,-0.2504478311965731,0.0180346960608481,0.96348245738093,0.975994170157763,0.3167771425273943,1.828348200660132,-0.2504478311965734,0.9759941701577634,2.433263773715681,169,analyst,-0.025032267049750256,-0.00026919280489634545,0.20824261728722407,0.637682426198283,65.67752174546733,High
1.5774887468240222,2.8382310546979888,2.2359187836391383,0.6082854272170611,1.3714268270280203,2.06275181612938,2.0409369962996124,1.6499432445732347,0.7852477515687986,-0.0676391952866656,1.220347766784028,0.3232947780580529,0.975994170157763,0.126687648955361,2.06275181612938,-0.0676391952866659,0.9759941701577634,0.150572267887379,119,analyst,-0.004294913326925998,-0.0002377441194757468,0.07427600183382299,0.6242560711199873,64.900828909387,High
-0.0391922670018373,0.8743516417094124,0.2572525438842525,0.3090220084792556,0.426096130416479,1.828348200660132,1.7725944160197988,0.2025683062270725,0.9002181397926343,1.0292126201727791,0.0180346960608481,-0.9570805805877016,-0.7825538841805496,1.8776078519041877,1.828348200660132,1.029212620172779,-0.7825538841805497,-0.8437159725061204,109,engineer,-0.05680116709515026,0.00026361953415399153,0.1538979133011449,0.5434639450201382,60.22713562572803,High
-2.464213787740628,0.1114127906828516,1.0300474841817049,0.7253885041144632,1.7264520956715093,1.828348200660132,1.7342597616941111,2.1313318049987875,0.7469242888275199,0.2979780765331493,0.8596538455670738,0.96348245738093,-1.9549192537394249,0.8105738221836961,1.828348200660132,0.2979780765331489,-1.9549192537394244,-1.0023074490106822,75,manager,-5.437494306592683e-05,3.5821552372139465e-06,0.07962091061352607,0.5416144920527539,60.12014777518645,High
-0.7740472732863192,2.3847929453436563,0.0264513704397117,0.0878273076730516,0.2967954990708444,1.0079355465177653,2.0026023419739247,2.022217064635662,0.3636896614147338,-0.4332564671064805,1.1001164597117097,0.96348245738093,0.6829028277680442,2.6298373978191787,1.007935546517765,-0.4332564671064808,0.6829028277680447,2.6374890363221564,9,manager,-0.018868397832348394,-0.0002901533444095161,0.10302206958754523,0.5110342757988864,58.35113192898994,High
0.7936434067872417,2.293020632631021,1.5123960039646778,0.8815259399776662,1.7281645701406263,0.6563301233138937,2.117606304950988,0.077407280516429,0.2103958104496193,0.4807867124430567,1.8215043021456172,0.96348245738093,-1.9549192537394249,0.7003303709264722,0.6563301233138935,0.4807867124430564,-1.9549192537394244,0.5228734191038397,71,engineer,-0.02396411428866385,-0.00012198434320376261,0.13810755520708462,0.5026506762302496,57.86615430940856,High
0.8181385736633924,1.03408910122219,2.121814832722736,0.3350449144564561,0.6792719245349415,1.125137354252389,1.7725944160197988,-0.2980757966155022,1.091835453499027,1.5776385279025016,1.941735609217936,0.3232947780580529,1.5621768549372006,0.0050337552872605,1.1251373542523893,1.5776385279025014,1.5621768549372006,-0.8241496469495068,157,admin,-0.029302635149096146,0.0003992135848693845,0.09272958794628038,0.47225106967262925,56.107586440819055,High
-1.0189989420478136,1.0559802247634054,1.748383720632692,0.9335717519320672,2.124476683595049,1.828348200660132,1.504251835739985,0.3662404167717607,1.091835453499027,0.4807867124430567,1.220347766784028,0.96348245738093,-0.7825538841805496,0.0331644167365445,1.828348200660132,0.4807867124430564,-0.7825538841805497,1.1508997497119575,145,engineer,-0.05696853510422184,-0.22071874566327576,0.09468907807299926,0.42561830197787465,53.409956564065375,High
-0.9210182745432164,-0.2518240436654106,0.9470627926061392,-0.6538255126771619,-0.1014867140042145,0.8907337387831414,1.849263724671174,1.3867841648739323,0.6702773633449627,-0.6160651030163881,0.8596538455670738,0.96348245738093,0.3898114853783255,1.008319399051848,0.8907337387831412,-0.6160651030163884,0.389811485378325,0.3707440044180899,27,analyst,-0.08912975793402167,-0.2375557020433816,0.21817632250650812,0.4055247142974733,52.247575149935464,High
-0.7250569395340205,0.7029760324059945,1.0896927312516422,0.9335717519320672,2.2216508892893634,0.8907337387831414,1.504251835739985,1.57613033197465,-0.2878092051870025,-0.6160651030163881,-0.5831218393007417,0.3232947780580529,1.2690855125474818,0.5375623313687284,0.8907337387831412,-0.6160651030163884,1.269085512547482,0.1127684915673953,193,manager,-0.0588617861962234,-4.1880536108762634e-05,0.1463439699823886,0.39420633053077525,51.5928250307603,High
0.5976820717780472,1.9073934180976693,1.6290932264928166,0.9465832049206672,1.0412212062659665,0.6563301233138937,1.8109290703454863,1.178182455356193,0.1720723477083407,-0.4332564671064805,-0.4628905322284237,0.96348245738093,0.3898114853783255,0.3576889430728657,0.6563301233138935,-0.4332564671064808,0.389811485378325,-0.2321167207239318,129,analyst,-0.08280599548654671,-0.16394056031692394,0.16659451836384126,0.3869810654298679,51.17485517893301,High
0.1077787342550585,1.0795117405451609,-0.1758238152757285,-0.6538255126771619,-0.3522759710432022,0.6563301233138937,1.5809211443913602,-0.1600777426268438,0.1337488849670621,1.394829891992594,1.7012729950733,0.96348245738093,-0.7825538841805496,2.499385655054191,0.6563301233138935,1.394829891992594,-0.7825538841805497,-0.8623020517839333,173,engineer,-0.05397763659183813,-0.00039564301908667776,0.08269463620819811,0.3779292349085681,50.65122148398687,High
-0.9945037751716642,-0.6049475367747813,0.8199924836310549,1.0506748288294692,1.2189656250018075,1.242339161987013,1.3125785641115466,0.1030813370724584,1.01518852801647,1.9432557997223163,0.979885152639392,0.96348245738093,-1.0756452265702685,0.6121550042628499,1.2423391619870128,1.943255799722316,-1.0756452265702685,-0.1186827428439782,148,engineer,-0.059373940145240056,-0.03717242647415908,0.09458126558298774,0.373831530196347,50.414175921301016,High
1.1855660768056333,2.5662070043331098,0.0368244568866573,0.0097585897414501,0.7105852823893725,1.4767427774562607,0.9292320208546696,-0.6575125883999151,0.7469242888275199,-0.6160651030163881,1.1001164597117097,0.96348245738093,1.5621768549372006,1.1599863450587502,1.4767427774562605,-0.6160651030163884,1.5621768549372006,0.3266464552114396,43,intern,-0.05263262688873438,0.0001356880722243048,0.10518426575827408,0.3335424557317369,48.083518395376146,Medium
1.8714307493378164,1.097758418703921,1.8521145851021483,0.3090220084792556,0.5387777824529831,0.8907337387831414,1.0442359838317328,-0.2178443698779102,0.9002181397926343,2.126064435632224,0.979885152639392,0.96348245738093,-0.4894625417908309,-0.3804507752071224,0.8907337387831412,2.126064435632224,-0.489462541790831,-0.7762234909345913,70,admin,-0.057628878831899155,-0.02337206851128304,0.02391897683384632,0.27837673639234717,44.892271124001226,Medium
0.3282352361404035,1.131537383136694,1.2712217440731917,0.2179418375590539,1.3481773113496085,1.7111463929255084,1.005901329506045,0.6871661237221292,1.01518852801647,0.8464039842628717,1.8215043021456172,0.96348245738093,-0.196371199401112,-0.0593855570736036,1.711146392925508,0.8464039842628716,-0.1963711994011124,1.1990317269886004,110,engineer,-0.08405838754591954,-0.3511791761938772,0.045191884876236106,0.2660613776129501,44.17984761948813,Medium
-0.0146971001256893,-0.1857905181325913,0.1379620497443776,0.9075488459548666,0.7893101024358656,1.125137354252389,0.9675666751803572,2.0157985504966547,0.2487192731908979,0.2979780765331493,-0.1021966110114698,-0.3168929012648243,0.975994170157763,1.0549938256796068,1.1251373542523893,0.2979780765331489,0.9759941701577634,-0.3169252076698683,38,manager,-0.08664426146889997,-0.1367580080412476,0.13306076697863847,0.26580340505712424,44.164924326096376,Medium
-0.5780859382771247,1.525534843957999,1.1856437808858895,0.6603312391714621,0.7064906370754941,1.0079355465177653,1.3125785641115466,1.4092489643604582,1.01518852801647,-0.2504478311965731,1.5810416880009814,0.3232947780580529,-0.7825538841805496,0.2790811266192937,1.007935546517765,-0.2504478311965734,-0.7825538841805497,0.0686556645514779,172,analyst,-0.10049942570686504,-0.3583589740502864,0.1210195824753881,0.261722633620763,43.92885832591836,Medium
-0.6025811051532727,1.54693915009994,0.3402372354598181,0.5041938033082592,1.0402987835915585,0.8907337387831414,0.8142280578776065,2.121704033790276,1.0535119907577488,-0.7988737389262954,2.182198223362572,0.96348245738093,-0.4894625417908309,0.5948078791605683,0.8907337387831412,-0.7988737389262959,-0.489462541790831,2.2184515950187484,146,manager,-0.060519105372132065,-0.024909546791993087,0.11995682248434274,0.245529390516849,42.99210551114671,Medium
-0.6515714389055713,0.1808478984765952,1.7717231651383196,0.8294801280232651,1.331443534905204,0.8907337387831414,0.9292320208546696,1.207065768981726,0.3636896614147338,-0.7988737389262954,0.8596538455670738,0.96348245738093,-0.4894625417908309,-0.4262987720403178,0.8907337387831412,-0.7988737389262959,-0.489462541790831,-0.8839436973850207,187,analyst,-0.09290397757779917,-0.11531234198152296,0.11386554957910959,0.23530033171739403,42.40037107219803,Medium
-0.0391922670018373,1.4316134702217729,1.2478822995675636,0.8424915810118654,0.6411503901205152,1.5939445851908844,0.8142280578776065,1.4028304502214506,0.8235712143100772,-0.2504478311965731,0.2584973102054844,0.96348245738093,0.3898114853783255,-0.2130142688498086,1.5939445851908844,-0.2504478311965734,0.389811485378325,-0.2825096091751324,0,analyst,-0.10537779486983173,-0.27639746490483263,0.0758662443567369,0.23290730206096263,42.26193819299595,Medium
-0.3821246032679302,0.8541316334883623,1.0404205706286505,0.6603312391714621,1.5280224295976312,0.8907337387831414,0.9675666751803572,0.2121960774355837,0.8235712143100772,0.6635953483529642,1.5810416880009814,0.96348245738093,1.5621768549372006,0.0774279043810754,0.8907337387831412,0.6635953483529641,1.5621768549372006,-0.161839320412417,133,engineer,-0.09024576518193522,-0.17675577856888758,0.10201763857798132,0.22662668050428036,41.898614436044774,Medium
-0.7985424401624684,0.3170765589927805,0.0809100742861766,0.2179418375590539,0.1725285682387929,1.4767427774562607,0.6608894405748558,0.1961497920880651,0.6319539006036841,1.2120212560826866,0.8596538455670738,0.96348245738093,0.3898114853783255,0.7360262018379048,1.4767427774562605,1.2120212560826864,0.389811485378325,1.7970892444978417,5,engineer,-0.08781370652881915,-0.21166085502353438,0.1159019219531843,0.21797812843904554,41.3983097448338,Medium
-0.8230376070386177,0.6205444537590954,-0.6037136312122372,-0.9140545724491668,-0.3125220868054043,1.0079355465177653,0.6992240949005435,1.6210599309477018,0.8618946770513557,-0.7988737389262954,-0.1021966110114698,-0.3168929012648243,-0.7825538841805496,2.139912481028396,1.007935546517765,-0.7988737389262959,-0.7825538841805497,0.3316157754067466,174,manager,-0.0859334163143029,-0.11337031924300445,0.11409820557947059,0.20363049976376385,40.56832272737095,Medium
-2.194766952102984,0.6828687421084592,0.3272708774011362,0.985617563886468,1.1947543001204728,1.0079355465177653,0.8142280578776065,1.9002652959945223,0.6319539006036841,-0.4332564671064805,0.6191912314224379,0.3232947780580529,-0.196371199401112,0.6103964290805313,1.007935546517765,-0.4332564671064808,-0.1963711994011124,-0.4939409613534625,156,manager,-0.09660222057095824,-0.16978377595111138,0.026927134155682,0.19625162619158484,40.14146687494988,Medium
-0.2106584351348837,0.770823290978317,0.6384634708095062,0.6603312391714621,1.0241682027098609,0.5391283155792699,1.0825706381574205,-0.0798463158892517,0.0187784967432263,0.6635953483529642,0.7394225384947563,0.96348245738093,1.2690855125474818,0.5618460831460601,0.5391283155792697,0.6635953483529641,1.269085512547482,-0.93031523932305,36,engineer,-0.10084315079581868,-0.25393287250943297,0.09426632423703375,0.19083074445886233,39.82787767054618,Medium
-0.5780859382771247,1.517249913245728,0.1120293336270135,0.5952739742284608,0.5842586549825002,0.5391283155792699,0.890897366528982,-0.0830555729587552,-0.2111622797044453,1.0292126201727791,0.4989599243501203,0.96348245738093,-1.661827911349706,0.993794213473716,0.5391283155792697,1.029212620172779,-1.661827911349706,0.4375486256843582,168,engineer,-0.08669734089673653,-0.22319188839344695,0.15048483860839543,0.17285785628760003,38.788175278877844,Medium
-2.194766952102984,-0.7365734958654645,-0.4169980751672153,0.2439647435362544,0.2110353486591973,0.6563301233138937,0.4308815146207297,1.919520838411544,1.0535119907577488,-0.4332564671064805,0.8596538455670738,-0.3168929012648243,0.0967201429886066,1.224129465225969,0.6563301233138935,-0.4332564671064808,0.0967201429886062,-0.8506250670619645,8,manager,-0.08448098384530772,-0.017743214425249176,0.23356961279674612,0.15706465841514264,37.87456443104871,Medium
-0.7250569395340205,-0.4939159761124376,0.0783168026744401,1.1287435467610707,1.3729826006201808,0.6563301233138937,0.3542122059693543,-1.2287603467715709,0.4786600496385696,-0.9816823748362028,1.460810380928664,0.96348245738093,-0.7825538841805496,0.3334784331224098,0.6563301233138935,-0.9816823748362032,-0.7825538841805497,1.1564777837588396,197,intern,-0.08641702932115447,-0.003566985270331946,0.2934441305686919,0.1536752179966347,37.67849080749083,Medium
0.3527304030165515,-0.2865806025035644,1.4734969297886316,-0.1984246580761536,0.3078962102002389,0.6563301233138937,0.8142280578776065,-0.8179754418750992,-0.0578684287393308,1.0292126201727791,-0.1021966110114698,0.3232947780580529,0.975994170157763,-0.3534648403448178,0.6563301233138935,1.029212620172779,0.9759941701577634,0.0242412354594772,25,admin,-0.11174264133686113,-0.3152082004934593,0.16018238988571365,0.14018113986534458,36.89788030278104,Medium
0.6711675724064938,-0.292526220320735,-0.3910653590498513,1.0636862818180697,0.6621613162767223,0.8907337387831414,0.2775428973179789,-1.0073216089758168,0.0187784967432263,-0.9816823748362028,-0.2224279180837877,0.96348245738093,-1.368736568959987,0.9195587313707382,0.8907337387831412,-0.9816823748362032,-1.368736568959987,1.489848598280591,140,intern,-0.09066958056345359,-0.013730333791674987,0.17041616412624194,0.1395109203438914,36.85910919194133,Medium
0.2792449023881049,1.363758645871071,0.6203105695273512,0.9205602989434668,1.6506213901991489,0.8907337387831414,0.4308815146207297,-0.6735588737474333,0.4786600496385696,-0.7988737389262954,0.4989599243501203,0.3232947780580529,0.3898114853783255,-0.1214506556152502,0.8907337387831412,-0.7988737389262959,0.389811485378325,-1.0031173363532535,7,intern,-0.10632175534803862,-0.11506861075768748,0.11751706314423978,0.1322135569802626,36.43696857270747,Medium
1.2835467443102304,1.8864203626060605,0.7733135946197993,0.8294801280232651,0.2937233124085183,1.3595409697216367,-0.0291343372875225,1.2166935401902372,1.0535119907577488,-0.6160651030163881,0.4989599243501203,0.96348245738093,-0.7825538841805496,-0.7143037971923321,1.359540969721637,-0.6160651030163884,-0.7825538841805497,1.2358754720409846,60,analyst,-0.07757781261142083,4.849867896772331e-05,0.14409202943659657,0.12847981481646434,36.22097765235105,Medium
-0.1371729345064345,1.6035272285333655,0.052384086557076,1.1287435467610707,1.324463501533127,0.0703210846407744,0.7758934035519188,-1.0843437786439052,0.3253661986734552,-0.7988737389262954,0.6191912314224379,0.96348245738093,-0.196371199401112,0.930033967240728,0.0703210846407739,-0.7988737389262959,-0.1963711994011124,-0.9247155636304356,183,intern,-0.10296953374849122,-0.08954060500047256,0.12649156280114437,0.12790851221996735,36.18792872497309,Medium
1.4305177455671263,1.1887421605420945,1.0118945828995498,0.6863541451486626,0.5432309710987171,0.3047247001100222,0.6225547862491682,1.33222679469237,1.0535119907577488,-0.7988737389262954,0.2584973102054844,0.96348245738093,1.5621768549372006,-0.2278375276501735,0.304724700110022,-0.7988737389262959,1.5621768549372006,-0.1576770372911058,3,analyst,-0.09869944555032217,-0.06355378068430761,0.08811348320762297,0.12270217090580575,35.886750335356744,Medium
0.1567690680073571,0.369833653514896,-0.4066249887202697,0.5432281622740599,0.4926041580935712,-0.0468807230938493,0.6608894405748558,-0.981647552419787,0.2487192731908979,-0.9816823748362028,0.4989599243501203,-0.3168929012648243,2.441450882106357,1.5861113532478346,-0.0468807230938498,-0.9816823748362032,2.4414508821063565,1.3541625573258236,80,intern,-0.052699236219135526,0.0003899288843385307,0.07251979467812437,0.12265549636264887,35.88405028883735,Medium
0.1322739011312091,2.062702466217201,0.5243595198931037,-0.3155277349735557,-0.3773104249153872,0.421926507844646,0.6225547862491682,0.963162231699446,0.7086008260862413,-0.7988737389262954,0.138266003133166,-0.3168929012648243,-1.0756452265702685,0.1752007942561501,0.4219265078446458,-0.7988737389262959,-1.0756452265702685,-0.151691125950595,63,analyst,-0.10481954618068773,-0.19307255055778816,0.22880010125576267,0.12130962172900928,35.806193627061745,Medium
-0.676066605781722,0.6521717489361801,0.6566163720916606,0.5692510682512604,1.0222367908023833,0.0703210846407744,0.8142280578776065,0.2442886481306204,0.8618946770513557,1.5776385279025016,0.0180346960608481,0.3232947780580529,1.2690855125474818,0.2568579709396161,0.0703210846407739,1.5776385279025014,1.269085512547482,0.5142714912775648,108,engineer,-0.08945680044197546,-0.14957455319363744,0.10380826305256056,0.12121828106648085,35.800909718077136,Medium
-0.0146971001256893,0.5232575808571872,0.651429828868188,0.5562396152626602,0.9159880852452356,0.421926507844646,0.6992240949005435,0.0709887663774214,1.0535119907577488,1.0292126201727791,2.0619669162902543,0.3232947780580529,0.975994170157763,0.1391122003393148,0.4219265078446458,1.029212620172779,0.9759941701577634,0.8724252317719611,124,engineer,-0.0925826941254011,-0.26171178909991477,0.10575142828371989,0.10469742849453227,34.845205227636946,Medium
-1.1904651101808583,-0.4296301151576061,0.8640781010305743,0.7514114100916637,0.3261732234635757,0.6563301233138937,0.5842201319234804,1.0883232574100896,0.2103958104496193,-0.4332564671064805,0.6191912314224379,0.3232947780580529,-1.368736568959987,-0.1569208480708591,0.6563301233138935,-0.4332564671064808,-1.368736568959987,0.5775171299659951,23,analyst,-0.1089401464962188,-0.2954800932085353,0.047310457322422644,0.0830215400634494,33.59129028483063,Medium
0.0832835673789105,1.2238882098083474,0.1120293336270135,-0.1333673931331524,0.4059699985703477,1.0079355465177653,0.3158775516436666,-0.4168183081871387,-0.7093672953410672,1.0292126201727791,0.138266003133166,0.3232947780580529,-0.4894625417908309,0.2429261490835028,1.007935546517765,1.029212620172779,-0.489462541790831,-0.9183283938182196,167,engineer,-0.10502336746030255,-0.32047520744565694,0.19235265771847135,0.08119615153877555,33.48569452321776,Medium
0.3772255698927022,0.7391580854245775,0.7162616191615986,0.387090726410857,0.02972328654866,0.421926507844646,0.890897366528982,1.113997313966119,0.3253661986734552,-0.6160651030163881,0.979885152639392,0.3232947780580529,0.3898114853783255,0.2811372777762233,0.4219265078446458,-0.6160651030163884,0.389811485378325,-0.3082616022266779,89,analyst,-0.13118413819907038,-0.48261933092690024,0.11146541546427177,0.07708186221845562,33.247689567887775,Medium
1.2835467443102304,0.2896033013420093,0.5917845817982506,-1.434512691993176,-1.1452233236117992,0.7735319310485176,-0.0674689916132102,-0.8885790974041803,0.4786600496385696,2.3088730715421315,0.138266003133166,0.3232947780580529,0.3898114853783255,-0.6400515567972689,0.7735319310485174,2.308873071542131,0.389811485378325,-0.1976125429734196,92,admin,-0.036888224085732446,0.00035306202688623056,0.16042435771465424,0.07694484672040969,33.23976344384714,Medium
-0.6515714389055713,1.2415401630989498,-0.8345148046567783,-1.1222378202667704,-0.6924426303995718,0.3047247001100222,0.4692161689464174,1.7109191288938046,0.6319539006036841,-0.4332564671064805,-0.2224279180837877,-0.3168929012648243,0.3898114853783255,2.3868941116615168,0.304724700110022,-0.4332564671064808,0.389811485378325,0.2881627830092783,20,manager,-0.0848258197178896,-0.1618484197896055,0.07861967524517978,0.0701988042242944,32.84951584142105,Medium
0.4262159036450008,1.4030198899220787,0.5451056927869949,1.0636862818180697,1.3467104410536928,0.6563301233138937,0.3542122059693543,-0.2210536269474137,0.3636896614147338,0.1151694406232418,0.378728617277802,-0.9570805805877016,0.3898114853783255,-0.1417795508166657,0.6563301233138935,0.1151694406232415,0.389811485378325,-0.8773212484972092,32,engineer,-0.11037934247193582,-0.21912983589917912,0.09709668542527558,0.06314369462267606,32.44138920888497,Medium
-0.6270762720294233,-0.4670153112146397,0.034231185274921,0.3610678204336566,0.2676799164068525,0.7735319310485176,0.5458854775977927,-0.391144251631109,-0.4794265188933956,-0.0676391952866656,0.4989599243501203,0.96348245738093,0.0967201429886066,0.6468413837209969,0.7735319310485174,-0.0676391952866659,0.0967201429886062,0.7501031708333467,152,engineer,-0.1261683540502438,-0.4830522739820051,0.11915204187816461,0.045789520195560596,31.437478402487624,Medium
-2.9051267915113166,0.3620570863450392,-0.5259154828601447,0.4131136323880575,0.4017944661291351,0.421926507844646,0.0092003170381651,1.438132277985991,-0.9009846090474604,-0.6160651030163881,-0.1021966110114698,0.3232947780580529,-0.4894625417908309,0.7078853487410445,0.4219265078446458,-0.6160651030163884,-0.489462541790831,-0.9097874838150491,196,manager,-0.09335996937841134,-0.005578725856751232,0.1723255555352115,0.04047887524466814,31.1302662168817,Medium
-0.0146971001256893,0.9601276300802116,0.9548426074413486,0.5432281622740599,0.5109497609420536,0.421926507844646,0.3542122059693543,1.1107880568966155,0.6319539006036841,-0.9816823748362028,-0.1021966110114698,0.3232947780580529,1.5621768549372006,-0.446507255492966,0.4219265078446458,-0.9816823748362032,1.5621768549372006,-0.4704622350913222,188,analyst,-0.11068179873565981,-0.17698448651720078,0.020074590202857914,0.03859561925876602,31.021322916616985,Medium
0.0342932336266119,-0.5749109299744397,0.8666713726423105,0.2569761965248547,0.1807702453815958,0.5391283155792699,0.4308815146207297,0.8668845196143355,0.0954254222257835,-0.6160651030163881,0.0180346960608481,0.96348245738093,-0.4894625417908309,-0.3113621941868466,0.5391283155792697,-0.6160651030163884,-0.489462541790831,1.4221075426219598,48,analyst,-0.13262470659262127,-0.3548182737998402,0.13301394424894494,0.031549245691668254,30.613701649490082,Medium
0.1322739011312091,0.1090468036087074,0.6618029153151337,0.1528845726160528,-0.0061121255986579,0.6563301233138937,-0.2591422632416487,0.4593088717873674,-1.2458957737189678,-0.4332564671064805,-1.6652036029516035,-1.5972682599105787,-0.7825538841805496,-0.889276721948822,0.6563301233138935,-0.4332564671064808,-0.7825538841805497,-0.7411607685479608,160,analyst,-0.08508356669598077,-0.07447315565515922,0.361226613451453,0.02384519277819356,30.168034700285638,Medium
1.087585409301033,0.2489750044371699,0.9937416816173948,-0.6538255126771619,-0.5948896188336739,0.1875228923753983,0.2392082429922912,-0.962392010002765,0.1337488849670621,1.9432557997223163,-0.943815760517696,-0.9570805805877016,0.0967201429886066,-0.58143113011937,0.1875228923753982,1.943255799722316,0.0967201429886062,-0.0635363437221173,76,admin,-0.07562457708192322,-0.21732526061745294,0.19496252333391037,0.018819628057144423,29.877313942988913,Medium
-0.4556101038963768,-0.4580676320554822,0.9600291506648216,0.2829991025020552,-0.2637033729246174,0.0703210846407744,0.0475349713638528,-0.9399272105162394,0.6702773633449627,2.491681707452039,-0.1021966110114698,-1.5972682599105787,-0.196371199401112,-0.74607549729883,0.0703210846407739,2.4916817074520385,-0.1963711994011124,0.2822980776401324,126,admin,-0.06406986115761143,-0.0003891292168280991,0.1273512213427357,0.016323545286767903,29.73291960850949,Medium
-0.1861632682587331,0.2557796755785194,0.2494727290490437,0.3090220084792556,0.550975471995509,0.7735319310485176,0.0092003170381651,0.003594367917844,0.6319539006036841,0.2979780765331493,1.5810416880009814,-0.3168929012648243,-1.0756452265702685,-0.2872183091417672,0.7735319310485174,0.2979780765331489,-1.0756452265702685,1.7197160780563432,164,engineer,-0.100496743354128,-0.23747009930766128,0.16628441279161543,0.014619370598073375,29.634335870449547,Medium
0.7446530730349431,-0.3390540078086773,0.4232219270353831,0.7774343160688642,0.9822198866126668,0.421926507844646,0.5458854775977927,-0.3269591102410355,-0.1728388169631667,0.1151694406232418,-0.2224279180837877,0.96348245738093,0.0967201429886066,0.1882394759477425,0.4219265078446458,0.1151694406232415,0.0967201429886062,-0.0470074557386735,90,engineer,-0.13711521290144218,-0.45728085443541744,0.12068708552462994,0.014018031653430615,29.599549389112173,Medium
-0.3821246032679302,1.5393107938311146,0.52695279150484,0.1789074785932532,-0.1902159989481276,0.0703210846407744,0.4692161689464174,1.0658584579235637,-0.1345153542218881,0.1151694406232418,0.979885152639392,0.96348245738093,-0.196371199401112,0.001876125841245,0.0703210846407739,0.1151694406232415,-0.1963711994011124,-0.6990169087418965,103,analyst,-0.12359990041931274,-0.38009047402838236,0.2339425359116428,0.0038641340072179415,29.01216290081237,Medium
0.5486917380257487,0.3286530255096285,0.7447876068906992,0.6993655981372627,0.342361259172838,0.3047247001100222,0.1242042800152281,0.8989770903093727,0.6319539006036841,-0.9816823748362028,-0.943815760517696,-0.3168929012648243,1.2690855125474818,-0.5384119237167485,0.304724700110022,-0.9816823748362032,1.269085512547482,-0.7783689595005335,106,analyst,-0.1110164403743058,-0.1421434906275727,0.0691434733801802,-0.0031559577481100505,28.606061993813125,Medium
-0.7250569395340205,-0.4508117572735589,-0.3366066552033863,1.0897091877952698,0.379916751555462,-0.1640825308284732,0.392546860295042,-0.3430053955885537,0.2870427359321766,0.1151694406232418,-0.7033531463730596,-0.9570805805877016,-0.4894625417908309,1.007434321168988,-0.1640825308284736,0.1151694406232415,-0.489462541790831,1.9142123236138415,158,engineer,-0.11385974994213333,-0.3060103772626366,0.24888752489127575,-0.011226271588446714,28.139207444819252,Medium
0.891624074291839,0.0057533066781923,0.0886898891213857,1.1157320937724704,0.9791208173915756,0.6563301233138937,-0.220807608915961,-0.2114258557389025,1.01518852801647,0.1151694406232418,-0.1021966110114698,-0.9570805805877016,1.2690855125474818,-0.4373167886705878,0.6563301233138935,0.1151694406232415,1.269085512547482,1.289013436378898,59,engineer,-0.09607093726444416,-0.14979415495115855,0.20641501279574204,-0.013836077449564402,27.98823441423351,Medium
0.7446530730349431,0.7229799412640467,-0.053940049524117,-0.0422872222129507,0.0672151098736358,0.0703210846407744,0.6992240949005435,-0.2178443698779102,0.2870427359321766,0.4807867124430567,0.4989599243501203,-0.3168929012648243,-0.196371199401112,0.9879493059975384,0.0703210846407739,0.4807867124430564,-0.1963711994011124,-0.8568974443006324,111,engineer,-0.13342797405007578,-0.5248158896159927,0.042494003052705384,-0.01798133671692896,27.748437897764028,Medium
0.5241965711495981,1.129127985897345,-0.826734989821569,0.8815259399776662,0.2375052685982746,-0.0468807230938493,0.0092003170381651,-1.196667776076534,0.8235712143100772,-0.7988737389262954,-0.1021966110114698,0.3232947780580529,2.148359539716638,1.376511798321638,-0.0468807230938498,-0.7988737389262959,2.148359539716638,0.0574828973623928,191,intern,-0.07349326769419545,-0.009232668748055062,0.056199192032800535,-0.018774277592104233,27.70256755591827,Medium
-0.9210182745432164,0.5019067488856721,-0.0409736914654351,0.9335717519320672,0.9632799030724516,-0.0468807230938493,0.392546860295042,1.868172725299485,0.5936304378624054,-0.9816823748362028,-0.4628905322284237,0.3232947780580529,-0.196371199401112,0.5399361834422982,-0.0468807230938498,-0.9816823748362032,-0.1963711994011124,0.4899852083373004,170,manager,-0.11966200133457983,-0.2831923805020933,0.07621182638151547,-0.021443621819046473,27.54815032756343,Medium
0.4752062373972994,-0.3597871300347354,-0.0306006050184892,0.6993655981372627,0.4742048462791148,-0.0468807230938493,0.5458854775977927,-0.0381259739857038,0.9002181397926343,0.1151694406232418,0.6191912314224379,0.96348245738093,0.0967201429886066,0.7385792558137013,-0.0468807230938498,0.1151694406232415,0.0967201429886062,-0.8897252040581132,122,engineer,-0.14203589607154637,-0.3941586940948736,0.09280841000813128,-0.022740157633788997,27.47314783633184,Medium
1.332537078062529,0.5620416969931837,1.955845449571605,0.6733426921600623,0.9733923344418084,0.3047247001100222,-0.2974769175673364,-0.7666273287630404,0.9002181397926343,1.5776385279025016,0.378728617277802,0.96348245738093,-0.196371199401112,-1.4260765241220612,0.304724700110022,1.5776385279025014,-0.1963711994011124,1.1397779322812855,73,admin,-0.055456829607018865,-6.392814163613814e-05,0.10744968007711028,-0.029558492408413215,27.07871824300097,Medium
0.2057594017596557,-0.1666815430772633,-0.0928391237001632,0.9335717519320672,1.0898731375647894,0.3047247001100222,0.1625389343409158,-0.9720197812112762,0.3253661986734552,-0.9816823748362028,0.138266003133166,-0.3168929012648243,0.975994170157763,0.2846214110119947,0.304724700110022,-0.9816823748362032,0.9759941701577634,1.1479567397451025,69,intern,-0.11578543735915353,-0.29823327677218825,0.10897281778372282,-0.02996777085404932,27.055042149613456,Medium
0.5731869049018966,0.2230506390570836,-1.0186370890900638,0.1789074785932532,-0.1941398372272682,-0.3984861462977209,0.0858696256895405,-1.3218288017871778,0.440336586897291,-1.1644910107461104,0.7394225384947563,0.96348245738093,1.2690855125474818,2.156091270008507,-0.3984861462977213,-1.1644910107461108,1.269085512547482,2.421064837393192,139,intern,-0.06807359871620966,-6.056148896460556e-05,0.07274486327062442,-0.03220017998837438,26.925900906757942,Medium
-0.2841439357633304,1.078902174034683,-1.0523496200426372,-0.8099629485403648,-0.8014604497771131,-0.3984861462977209,0.0858696256895405,1.9066838101335293,1.01518852801647,-1.1644910107461104,0.0180346960608481,0.96348245738093,-0.4894625417908309,2.283827262988569,-0.3984861462977213,-1.1644910107461108,-0.489462541790831,0.1061875180238391,87,manager,-0.07329308428793085,-1.8349419319219074e-05,0.07208015533340976,-0.03385517883306159,26.830161911409327,Medium
0.2547497355119543,-0.0563424023597164,-0.2069430746165657,1.0897091877952698,1.0961827133203776,1.0079355465177653,-0.7574927694755886,1.5472470183491165,-0.5177499816346742,-1.1644910107461104,0.138266003133166,-0.3168929012648243,0.975994170157763,-0.9447993152174436,1.007935546517765,-1.1644910107461108,0.9759941701577634,1.6183400975118785,30,manager,-0.05275331341850048,1.99844324572096e-05,0.1893458782369859,-0.03812411542522917,26.583210862559326,Medium
1.087585409301033,-0.4455899304452743,-0.9771447433022812,0.1008387606616518,-0.2744385185424686,-0.0468807230938493,0.1242042800152281,-1.1003900639914237,0.5169835123798483,-0.9816823748362028,0.8596538455670738,0.3232947780580529,-0.7825538841805496,2.0991978865249274,-0.0468807230938498,-0.9816823748362032,-0.7825538841805497,-0.0305553953375703,52,intern,-0.10054183426444385,-0.16845521695408738,0.0670571150306179,-0.04206500356960162,26.35523688364408,Medium
-0.4801052707725274,-0.4627167586268944,0.0731302594509673,0.0748158546844513,0.4391853784002725,0.1875228923753983,0.2392082429922912,-0.0349167169162,0.5553069751211268,0.8464039842628717,0.7394225384947563,0.96348245738093,0.6829028277680442,0.1871724153454111,0.1875228923753982,0.8464039842628716,0.6829028277680447,1.7132680070767217,190,engineer,-0.12173851589953799,-0.34068985281897635,0.06965918370829957,-0.04465120258236248,26.205629470896856,Medium
1.3815274118148275,0.1217440963103261,0.3869161244710737,-0.2895048289963552,-0.5049444534436849,0.6563301233138937,-0.3358115718930241,0.6967938949306404,-0.7476907580823459,-0.7988737389262954,-0.7033531463730596,-0.9570805805877016,-0.4894625417908309,-0.80799895050651,0.6563301233138935,-0.7988737389262959,-0.489462541790831,0.3231684029949713,41,analyst,-0.10054898585098354,-0.23466249329475075,0.2974259534002208,-0.04574572811616506,26.142312946340933,Medium
-1.1659699433047093,0.4682686773505309,-0.3625393713207506,0.9205602989434668,1.0570717685640767,-0.2812843385630971,0.0475349713638528,-1.21913257556306,0.8618946770513557,-0.9816823748362028,0.0180346960608481,0.3232947780580529,0.975994170157763,0.4942220294357235,-0.2812843385630975,-0.9816823748362032,0.9759941701577634,-0.9677865520455052,115,intern,-0.11912838346521515,-0.06573751732818733,0.13742066476287507,-0.05018123424071927,25.885726120561188,Medium
1.3815274118148275,0.1335119514709036,-0.7281906685755852,-0.979111837392168,-0.8862621025988725,-0.0468807230938493,0.0475349713638528,-0.2916572824764949,0.8235712143100772,0.8464039842628717,0.378728617277802,0.96348245738093,-0.4894625417908309,1.2061057785674116,-0.0468807230938498,0.8464039842628716,-0.489462541790831,-0.8187185549425354,128,engineer,-0.10865383515956711,-0.19844004924782244,0.14967403752734448,-0.05493613526733843,25.6106628184133,Medium
-0.7495521064101698,0.7378331588364182,0.1405553213561141,-0.0292757692243505,0.4390685536147571,-0.2812843385630971,0.5842201319234804,0.0838257946554364,0.9002181397926343,0.2979780765331493,0.2584973102054844,0.96348245738093,-1.0756452265702685,0.5564268792299699,-0.2812843385630975,0.2979780765331489,-1.0756452265702685,0.2913450927054977,77,engineer,-0.12904407868595508,-0.464609144433777,0.06007477211626617,-0.057138701368404446,25.48324794656496,Medium
1.2590515774340798,1.1200807443058023,-0.2354690623456663,0.6863541451486626,0.8422773436552763,-0.1640825308284732,0.2392082429922912,-0.8308124701531139,1.0535119907577488,-0.6160651030163881,0.2584973102054844,0.96348245738093,0.6829028277680442,0.5984314817080012,-0.1640825308284736,-0.6160651030163884,0.6829028277680447,0.8715468122556395,34,intern,-0.12159480686434243,-0.2789916298852344,0.09085418670953455,-0.06116482600857023,25.25034317479721,Medium
-1.4599119458185024,-0.7445448506289207,-0.6218665324943922,0.3480563674450563,0.4443151890287633,-0.8672933772362164,0.0858696256895405,-1.382804686107748,0.4786600496385696,-1.1644910107461104,0.6191912314224379,-0.3168929012648243,-1.9549192537394249,1.039047768644396,-0.8672933772362167,-1.1644910107461108,-1.9549192537394244,-0.9420518845722732,182,intern,-0.0746159465946708,1.9991757574611135e-05,0.18498665087451338,-0.06418720099354412,25.075503690433177,Medium
0.3282352361404035,-0.7192588244163756,-0.6841050511760662,0.7514114100916637,0.4966378579713937,-0.7500915695015925,0.1625389343409158,-1.2865269740226373,0.440336586897291,-1.1644910107461104,-0.2224279180837877,0.96348245738093,-1.661827911349706,1.327459700607888,-0.7500915695015928,-1.1644910107461108,-1.661827911349706,-0.8892417107871923,33,intern,-0.09137903966314498,-0.06061959645163739,0.11861204282018652,-0.06727817467080095,24.896695883128935,Low
0.965109574920288,-0.5848846190681593,-0.6166799892709194,-0.979111837392168,-0.7075953300005571,0.0703210846407744,0.0858696256895405,-0.3590516809360722,-0.441103056152117,0.4807867124430567,-0.5831218393007417,-0.9570805805877016,-1.0756452265702685,1.0279386254552465,0.0703210846407739,0.4807867124430564,-1.0756452265702685,-0.7919417621670608,61,engineer,-0.11378712726060908,-0.36207077992489833,0.22035154528596612,-0.06739506776452685,24.889933807498224,Low
1.6264790805763207,1.0504605101112745,0.8096193971841092,0.3610678204336566,0.2455746774724617,0.421926507844646,-0.2974769175673364,0.7994901211547579,-0.441103056152117,-0.4332564671064805,-0.823584453445378,0.3232947780580529,1.2690855125474818,-1.0076013651663756,0.4219265078446458,-0.4332564671064808,1.269085512547482,0.0837266018158319,18,analyst,-0.09612876248769692,-0.15077894919701906,0.10898983063134032,-0.06748762417986548,24.88457956918801,Low
-0.553590771400974,-0.6568277319275012,0.7162616191615986,0.6733426921600623,0.2866139439591382,-0.5156879540323448,0.2008735886666035,0.8059086352937656,0.7469242888275199,-0.6160651030163881,0.138266003133166,-1.5972682599105787,-0.196371199401112,-0.4392308101602741,-0.5156879540323451,-0.6160651030163884,-0.1963711994011124,-0.7919828251182442,96,analyst,-0.1232697494264034,-0.22336916229805892,0.21176774392033682,-0.07245213148429899,24.597390884281623,Low
1.9939065837185617,0.4951154339759385,-0.1524843707701007,0.4521479913538582,0.1672495059461325,-0.0468807230938493,-0.220807608915961,-0.3750979662835907,-0.441103056152117,0.8464039842628717,0.979885152639392,0.96348245738093,1.5621768549372006,-0.1985757986522664,-0.0468807230938498,0.8464039842628716,1.5621768549372006,-0.858903956793877,40,engineer,-0.08790634869551278,-0.07137170279503424,0.11018172307630748,-0.07653716593854341,24.36107827544246,Low
-0.0881826007541359,0.3052755772950423,0.825179026854528,0.712377051125863,0.3921547870447825,-0.2812843385630971,-0.1441383002645856,0.7288864656256767,-1.3991896246840825,-0.6160651030163881,-1.5449722958792858,-1.5972682599105787,-0.196371199401112,-0.8608415903091543,-0.2812843385630975,-0.6160651030163884,-0.1963711994011124,-0.7934321245114376,97,analyst,-0.09887055860923322,-0.08860573308006536,0.21083287632855774,-0.07714376331272947,24.325987602496006,Low
0.7201579061587925,0.7079031819772688,1.0274542125699686,0.8685144869890659,0.5582476820991665,-0.0468807230938493,0.1625389343409158,1.030556630159023,0.8618946770513557,-0.2504478311965731,-0.4628905322284237,-0.3168929012648243,-0.196371199401112,-0.67404658228102,-0.0468807230938498,-0.2504478311965734,-0.1963711994011124,-0.0606069209848174,65,analyst,-0.12445979638850085,-0.3325468564126024,0.09781160914966601,-0.07798319708845272,24.27742772186079,Low
0.9896047417964362,-0.0130346230207407,0.8173992120193186,-0.8489973075061655,-0.8018412749179459,-0.1640825308284732,0.2392082429922912,-1.0586697220878756,-0.7093672953410672,1.394829891992594,-0.3426592251561057,0.3232947780580529,0.6829028277680442,-0.4693877682314432,-0.1640825308284736,1.394829891992594,0.6829028277680447,0.0036163723323839,67,admin,-0.09901681895496289,-0.3725883540165289,0.08895278589906222,-0.07807582079015084,24.27206959114395,Low
-0.1126777676302865,-0.7639171860020898,-0.3003008526390766,0.2179418375590539,0.0692888186461518,0.7735319310485176,-0.2591422632416487,-0.3558424238665684,-0.0961918914806095,-0.0676391952866656,-0.1021966110114698,0.3232947780580529,1.5621768549372006,-0.0841402779249099,0.7735319310485174,-0.0676391952866659,1.5621768549372006,1.1585962949840187,180,engineer,-0.11100474708518138,-0.3331993489923051,0.07486328722700201,-0.07984702783305835,24.169608140257317,Low
-1.8763297827130416,0.519049879395257,-0.33401338359165,0.9465832049206672,0.6598553469903338,-0.0468807230938493,-0.1058036459388979,1.3386453088313772,-0.441103056152117,-0.6160651030163881,-1.0640470675900138,0.3232947780580529,0.3898114853783255,0.2041098079300851,-0.0468807230938498,-0.6160651030163884,0.389811485378325,-0.9348329480178944,2,manager,-0.11164048333156595,-0.13174268066007455,0.0758580008419835,-0.08089791653535541,24.10881593553518,Low
-1.0924844426762614,0.6992138384946962,0.0264513704397117,1.0897091877952698,1.170030024840367,-0.0468807230938493,-0.0291343372875225,-0.8949976115431877,0.8235712143100772,-0.6160651030163881,0.6191912314224379,-0.3168929012648243,0.6829028277680442,-0.1209431740841654,-0.0468807230938498,-0.6160651030163884,0.6829028277680447,1.1327267307111153,11,intern,-0.11680963417004808,-0.24001540413545985,0.1606823807491113,-0.08145932393940214,24.076339428970087,Low
-0.8720279407909164,-1.0658891847580614,-0.4299644332258975,0.165896025604653,-0.22700410062692,0.3047247001100222,-0.2591422632416487,-0.2788202541984802,0.7469242888275199,1.394829891992594,-0.2224279180837877,-0.3168929012648243,0.975994170157763,0.087816273930302,0.304724700110022,1.394829891992594,0.9759941701577634,1.1180180184951054,64,engineer,-0.10380644711922132,-0.17715956566207458,0.0945961249153598,-0.0825983894513086,24.010446339016426,Low
-0.3821246032679302,-0.7307442721794891,1.0118945828995498,0.2049303845704537,-0.1729106613341137,-0.5156879540323448,-0.1441383002645856,-0.9495549817247504,0.5936304378624054,2.491681707452039,0.4989599243501203,0.3232947780580529,-0.7825538841805496,-0.956736620459482,-0.5156879540323451,2.4916817074520385,-0.7825538841805497,-0.7068718372578903,35,admin,-0.07843116831855912,0.00017179585566906574,0.06994276396790906,-0.09339144239261571,23.386085754921623,Low
-1.2884457776854572,-0.8159847350072897,-0.844887891103724,0.2699876495134549,-0.0505381526679471,-0.0468807230938493,-0.0674689916132102,-1.3346658300651926,0.3253661986734552,-0.7988737389262954,-0.7033531463730596,-0.9570805805877016,-0.4894625417908309,1.2596372638899656,-0.0468807230938498,-0.7988737389262959,-0.489462541790831,-0.8951517059354895,88,intern,-0.12269559991036166,-0.2903738604437478,0.21223460387218523,-0.09574882513524463,23.249714991790302,Low
0.9161192411679896,0.3576580772541447,0.3609834083537094,-0.3025162819849555,-0.394262691282825,0.0703210846407744,0.1242042800152281,0.8508382342668174,0.6702773633449627,-0.6160651030163881,-0.1021966110114698,0.96348245738093,0.3898114853783255,-0.2464688995834454,0.0703210846407739,-0.6160651030163884,0.389811485378325,1.3011327747810768,39,analyst,-0.12637372725016743,-0.44003099804347756,0.12089409485817877,-0.09791278899006974,23.124533197194655,Low
0.4752062373972994,-0.1342471326346094,-1.5502577694960291,-1.6166730338335795,-1.5139702899161027,-0.0468807230938493,-0.6808234608242133,-1.4469898274978217,0.5936304378624054,-1.347299646656018,-1.7854349100239215,-1.5972682599105787,0.3898114853783255,2.283827262988569,-0.0468807230938498,-1.3472996466560183,0.389811485378325,-0.8311771047490033,53,intern,-0.040608485440717934,4.3145115892873065e-05,0.3471837614399569,-0.10094695961147625,22.949011354419813,Low
1.4550129124432742,0.3178185978839131,0.5762249521278319,0.9075488459548666,0.2341895983187105,-0.2812843385630971,-0.2591422632416487,0.838001205988802,0.6319539006036841,-0.7988737389262954,-0.1021966110114698,-0.9570805805877016,-1.368736568959987,-0.839507542536541,-0.2812843385630975,-0.7988737389262959,-1.368736568959987,-0.7618813169618877,93,analyst,-0.10169812003701345,-0.059965906395725854,0.145657120419376,-0.10360923105176854,22.795003275286042,Low
-0.1861632682587331,-0.8848392348675235,-0.2484354204043482,0.6733426921600623,0.2757345566736751,0.6563301233138937,-0.6424888064985256,-0.0509630022637185,1.091835453499027,0.8464039842628717,0.8596538455670738,-0.3168929012648243,-1.0756452265702685,-0.7354834527940741,0.6563301233138935,0.8464039842628716,-1.0756452265702685,-0.8269413508682418,21,engineer,-0.10972320281167203,-0.15492086793625992,0.20237373955007965,-0.10415586586337036,22.76338133920232,Low
0.8181385736633924,0.2154163410099236,-0.4870164086840984,0.4521479913538582,-0.0868716120250783,0.3047247001100222,0.0092003170381651,-0.1215666577927997,0.6702773633449627,0.2979780765331493,0.979885152639392,0.96348245738093,0.6829028277680442,0.637651824957785,0.304724700110022,0.2979780765331489,0.6829028277680447,-0.2283921346714771,72,engineer,-0.13085469926617405,-0.4447338868282884,0.07280901946853037,-0.10720599514800953,22.586936313677285,Low
1.087585409301033,1.0242974637742466,0.91075699004183,-0.7709285895745641,-0.5850110317623021,-0.8672933772362164,0.0475349713638528,-0.8757420691261656,0.1720723477083407,2.126064435632224,0.0180346960608481,0.3232947780580529,-0.4894625417908309,-0.7182092536290795,-0.8672933772362167,2.126064435632224,-0.489462541790831,-0.0741248594872626,107,admin,-0.07027637946380016,-0.09603237181399371,0.09778818156375753,-0.10764512300892592,22.56153348009303,Low
1.2100612436817813,0.1467011467427339,0.4465613715410112,0.1398731196274525,0.0790335721894316,0.3047247001100222,-0.2591422632416487,0.9182326327263944,0.4786600496385696,-0.6160651030163881,-0.7033531463730596,0.96348245738093,-0.7825538841805496,-0.7581839564257932,0.304724700110022,-0.6160651030163884,-0.7825538841805497,0.1152735073033297,78,analyst,-0.12621177243650938,-0.2700510565662393,0.11450596309530667,-0.10955638404554414,22.450970133126248,Low
0.2792449023881049,0.0757428826943886,-0.5207289396366719,-0.7188827776201632,-0.4580732376960285,-0.2812843385630971,0.2008735886666035,-0.423236822326146,-0.7476907580823459,0.2979780765331493,-0.1021966110114698,0.96348245738093,-0.7825538841805496,1.0377866781708365,-0.2812843385630975,0.2979780765331489,-0.7825538841805497,-0.7992320048524066,46,engineer,-0.13059306144573063,-0.4455892517918776,0.15137165037361222,-0.11582319994863575,22.088445010814095,Low
0.9896047417964362,-0.5648512088154742,-0.9304658542910256,0.5822625212398607,0.030354344384711,0.0703210846407744,-0.2591422632416487,-1.46303611284534,-0.5943969071172315,-1.1644910107461104,-0.3426592251561057,0.96348245738093,-0.196371199401112,1.0576251229323153,0.0703210846407739,-1.1644910107461108,-0.1963711994011124,0.0232182900838971,198,intern,-0.11728225288167077,-0.22308301647057527,0.10114019085129933,-0.12058074553870245,21.813228724965693,Low
-0.4311149370202288,-0.1688346878531016,-0.1472978275466279,0.0097585897414501,0.0490512969496909,-0.5156879540323448,0.5075508232721051,-0.1119388865842885,0.9385416025339128,0.4807867124430567,0.0180346960608481,-0.3168929012648243,-0.196371199401112,0.8615544819888297,-0.5156879540323451,0.4807867124430564,-0.1963711994011124,-0.0143041248554536,171,engineer,-0.14101105093969496,-0.58857353574968,0.11046162581171591,-0.12293608609638454,21.67697609891692,Low
-1.0679892758001122,-1.0536663335993812,0.1950140252025788,-0.380584999916557,-0.5830753172015305,-0.2812843385630971,-0.1824729545902733,0.6133532111235445,-0.2494857424457239,-0.2504478311965731,-0.5831218393007417,0.96348245738093,-1.661827911349706,-0.4795011270197142,-0.2812843385630975,-0.2504478311965734,-1.661827911349706,-0.746078022912408,125,analyst,-0.10757989902549842,-0.23193156024656858,0.19609524109354862,-0.12546559837962373,21.530647921409905,Low
1.4060225786909757,0.2382682004607191,-0.489609680295835,0.0878273076730516,-0.2913667030479169,0.0703210846407744,-0.3358115718930241,-0.3012850536850058,0.5936304378624054,1.2120212560826866,-0.5831218393007417,0.3232947780580529,-1.368736568959987,0.0417610177246325,0.0703210846407739,1.2120212560826864,-1.368736568959987,-0.0992169175063068,66,engineer,-0.105314550254472,-0.2590049274560322,0.17608258012652026,-0.13006341583589898,21.26467164869335,Low
-1.5578926133230997,0.4043936206493738,-0.6996646808464846,-0.1724017520989531,0.006766991358887,-0.3984861462977209,0.0092003170381651,1.9484041520370776,0.7852477515687986,-0.6160651030163881,-0.7033531463730596,-0.3168929012648243,-0.4894625417908309,1.0633551510406016,-0.3984861462977213,-0.6160651030163884,-0.489462541790831,0.967669128523783,161,manager,-0.10876830300543322,-0.2785507999896524,0.05982308713623283,-0.1313032790507472,21.19294757532597,Low
-0.6025811051532727,-0.6847290164039922,-0.0954323953118998,0.387090726410857,0.3704415300957377,-1.3361006081747118,0.0858696256895405,-0.4168183081871387,0.3253661986734552,0.6635953483529642,-0.7033531463730596,0.3232947780580529,1.5621768549372006,0.1784228383302328,-1.3361006081747122,0.6635953483529641,1.5621768549372006,0.9687640411488992,16,engineer,-0.09067092262284715,-0.13142318535412945,0.23347493191536298,-0.14147196901764514,20.604705375298142,Low
-0.0146971001256893,1.4822230859905892,-0.0098544321245979,-1.3824668800387752,-1.17960579186744,-0.98449518497084,-0.3358115718930241,0.9727900029079573,0.4020131241560124,-0.6160651030163881,0.979885152639392,0.3232947780580529,2.441450882106357,-0.5040258233609115,-0.9844951849708404,-0.6160651030163884,2.4414508821063565,-0.6290578943944631,147,analyst,-0.02961173893239022,-9.400341813847746e-06,0.21975827525813035,-0.1415339633521398,20.601119103730113,Low
0.8426337405395403,0.0321145734341232,-0.4144048035554788,0.1268616666388523,0.0053201125155431,0.1875228923753983,-0.4124808805443994,-0.4039812799091237,0.5169835123798483,1.0292126201727791,-1.0640470675900138,-0.9570805805877016,1.2690855125474818,-0.1902881804448453,0.1875228923753982,1.029212620172779,1.269085512547482,-0.8755263161326385,44,engineer,-0.1139817667088463,-0.23481745422809874,0.09310829861820706,-0.14267653564828756,20.53502315200332,Low
1.3815274118148275,0.500849184632399,0.1068427904035407,0.9075488459548666,0.909900511548403,0.0703210846407744,-0.1441383002645856,-0.2531461976424505,0.6319539006036841,-0.0676391952866656,0.4989599243501203,0.3232947780580529,0.0967201429886066,-0.3530163146784817,0.0703210846407739,-0.0676391952866659,0.0967201429886062,-0.884447697769517,149,engineer,-0.13984191984361244,-0.3447731846695168,0.043869758209798076,-0.14336095997783285,20.495430316084935,Low
-0.333134269515629,0.5481432047999211,-0.6918848660112753,0.8164686750346649,0.3495608283768081,-0.5156879540323448,-0.4508155348700871,-1.1389011488254677,0.8618946770513557,-1.1644910107461104,0.0180346960608481,0.96348245738093,1.5621768549372006,0.1442660480004591,-0.5156879540323451,-1.1644910107461108,1.5621768549372006,2.529929254129301,104,intern,-0.08402373140956443,-0.00017949983136156256,0.1458707875874526,-0.14510327861984373,20.394640012273694,Low
-0.2841439357633304,-0.8961614241986534,-1.1301477683947296,-1.3434325210729745,-1.348421277459071,0.0703210846407744,-0.6424888064985256,-0.6414663030523966,-0.0578684287393308,0.1151694406232418,0.7394225384947563,0.96348245738093,1.5621768549372006,0.6432778770450402,0.0703210846407739,0.1151694406232415,1.5621768549372006,-0.6152517066885108,68,engineer,-0.08549859351652384,-0.10839443459211862,0.1814196965616547,-0.14700088505436626,20.284866561862263,Low
-2.684670289625972,-1.2795135832197218,-1.0238236323135368,0.4001021793994573,-0.2093320775314212,-0.1640825308284732,-0.6424888064985256,1.2969249669278295,-0.0195449659980522,-0.9816823748362028,-0.7033531463730596,-0.9570805805877016,0.975994170157763,0.3757681162118733,-0.1640825308284736,-0.9816823748362032,0.9759941701577634,3.329340539440508,101,manager,-0.04525537689793152,-0.000368638798268317,0.06799081382135758,-0.14837616507829532,20.205308846014507,Low
1.1365757430533343,-1.2754288585790603,-0.1498910991583645,-1.0311576493465688,-1.152533238158666,-0.1640825308284732,-0.6808234608242133,0.6839568666526257,-1.4758365501666395,-0.9816823748362028,0.7394225384947563,0.96348245738093,0.975994170157763,-0.8753957072039504,-0.1640825308284736,-0.9816823748362032,0.9759941701577634,-0.6661160512066568,142,analyst,-0.07765052951608731,1.8270497383010564e-05,0.17154850474882233,-0.1501312607658471,20.103779410869404,Low
0.0342932336266119,0.204699461428407,-0.0772794940297448,-0.0943330341673517,0.0288446277611965,-0.2812843385630971,-0.0674689916132102,0.0581517380994067,1.091835453499027,0.4807867124430567,0.979885152639392,0.96348245738093,-0.4894625417908309,-0.0612806788727193,-0.2812843385630975,0.4807867124430564,-0.489462541790831,1.7857874569711647,100,engineer,-0.12423575603345338,-0.33518458396998985,0.0816186362845704,-0.15044630953879967,20.085554351012043,Low
1.5040032461955757,-0.0835594765378155,1.2037966821680448,0.7383999571030635,0.1999894392490171,-0.0468807230938493,-0.5658194978471502,-0.962392010002765,0.0571019594845049,1.760447163812409,0.4989599243501203,0.96348245738093,-0.7825538841805496,-1.4235559950097991,-0.0468807230938498,1.7604471638124088,-0.7825538841805497,-0.7265818736316774,94,admin,-0.08636563299698669,-0.06995296815839214,0.05812818698072374,-0.15253067577040044,19.964977149648647,Low
3.194169760649882,-0.1835169967147246,0.8173992120193186,0.5822625212398607,-0.1509998190875312,-0.3984861462977209,-0.6041541521728379,-1.267271431605615,-0.9009846090474604,1.5776385279025016,-1.1842783746623318,0.3232947780580529,0.3898114853783255,-1.3212468578793577,-0.3984861462977213,1.5776385279025014,0.389811485378325,-0.5920672293822753,165,admin,-0.05661030497762165,1.1935275006536017e-05,0.138253819934386,-0.15692147974871662,19.71097627042983,Low
0.5731869049018966,-0.2303086113647647,-0.47145677901368,0.3090220084792556,-0.1674777058010015,-0.1640825308284732,-0.1441383002645856,-0.3590516809360722,0.5553069751211268,1.2120212560826866,0.4989599243501203,0.96348245738093,0.0967201429886066,0.3461705079371571,-0.1640825308284736,1.2120212560826864,0.0967201429886062,1.338822977592833,79,engineer,-0.12387122280638435,-0.33926518617002066,0.06396893951971251,-0.15761823559222804,19.670670076455618,Low
-2.023300783969939,-0.7833103836451436,-0.5440683841422996,0.9986290168750682,0.4797454152596808,-0.2812843385630971,-0.6041541521728379,1.33222679469237,0.1337488849670621,-1.1644910107461104,-0.5831218393007417,0.96348245738093,0.6829028277680442,-0.3589531041081793,-0.2812843385630975,-1.1644910107461108,0.6829028277680447,-0.8428694503064799,176,manager,-0.10474941194039594,-0.002144190877346408,0.1342711324711744,-0.16077946572165652,19.4877980474939,Low
-0.4556101038963768,0.2503937548651702,-0.5855607299300825,0.8945373929662663,0.3653233213421727,0.1875228923753983,-0.5658194978471502,1.6724080440597606,1.091835453499027,-0.7988737389262954,-0.5831218393007417,-0.3168929012648243,1.2690855125474818,-0.2351265185782664,0.1875228923753982,-0.7988737389262959,1.269085512547482,0.2501368868316522,185,manager,-0.11061578043974751,-0.21467635959549347,0.11363374383443173,-0.16422037278752308,19.288747161971216,Low
0.6711675724064938,0.1106243168985233,-0.1421112843231551,0.8945373929662663,0.5338980700862809,0.0703210846407744,-0.1824729545902733,-0.3975627657701163,-0.0195449659980522,-0.0676391952866656,-0.7033531463730596,-0.9570805805877016,-0.4894625417908309,-0.1539827699912761,0.0703210846407739,-0.0676391952866659,-0.489462541790831,-0.8325377350910428,105,engineer,-0.1423792642181525,-0.4461404796443198,0.0971103998146106,-0.16914482165831132,19.003875792393927,Low
-0.0146971001256893,-0.9619433684093956,-0.6218665324943922,0.9205602989434668,0.1153755750497469,-0.8672933772362164,-0.4508155348700871,-0.6157922464963672,-1.2842192364602465,0.1151694406232418,-0.7033531463730596,-1.5972682599105787,-0.4894625417908309,0.0312262985247757,-0.8672933772362167,0.1151694406232415,-0.489462541790831,2.6536894530500885,131,engineer,-0.0851136070013283,-0.037196155899511085,0.26352014687234443,-0.17219754374206364,18.82728077765106,Low
0.49970140427345,0.4130720763375893,-0.0228207901832801,1.1287435467610707,0.6967925329402915,-0.3984861462977209,-0.3358115718930241,-0.423236822326146,0.9002181397926343,0.4807867124430567,1.220347766784028,0.96348245738093,0.0967201429886066,-0.4923023980400504,-0.3984861462977213,0.4807867124430564,0.0967201429886062,-0.874967147550482,13,engineer,-0.13041431334683468,-0.22045593253866946,0.17793316802187736,-0.17455923094381307,18.690661008550315,Low
-1.6313781139515475,-0.3930939179958221,-0.2665883216865032,0.764422863080264,0.830482498471838,-0.8672933772362164,-0.2591422632416487,1.63710621629522,0.7469242888275199,-0.4332564671064805,-0.4628905322284237,0.96348245738093,-0.4894625417908309,-0.1252517294029373,-0.8672933772362167,-0.4332564671064808,-0.489462541790831,1.1183436377609135,159,manager,-0.10416856389980489,-0.09925482261841401,0.1153761564643659,-0.17731564172684144,18.53120712132715,Low
-0.7005617726578699,-0.7446779268970898,-0.6789185079525933,-0.8620087604947657,-0.850651867138794,-1.2188988004400878,-0.2974769175673364,-0.2724017400594729,0.1720723477083407,-0.6160651030163881,0.138266003133166,0.96348245738093,2.441450882106357,0.4206957677468265,-1.2188988004400882,-0.6160651030163884,2.4414508821063565,1.887137853829161,102,engineer,-0.04782350551084358,0.0005767233607445466,0.10581098506497924,-0.17971648661079612,18.39232214390524,Low
-1.14147477642856,1.24740853539512,-0.6659521498939112,-0.2244475640533541,-0.0430197737356993,-0.0468807230938493,-0.7574927694755886,1.450969306264006,-0.4027795934108384,-0.7988737389262954,0.7394225384947563,0.96348245738093,-0.7825538841805496,-0.4901948481780392,-0.0468807230938498,-0.7988737389262959,-0.7825538841805497,0.8435265435603324,45,manager,-0.10100503478874151,-0.1337522125228321,0.25752517990865775,-0.18129741278553446,18.300868132214745,Low
-0.6025811051532727,0.0852928678043232,-1.4828327075908825,-1.0181461963579683,-1.1263483144917057,-1.5705042236439597,-0.2974769175673364,-1.5978249097644948,0.0571019594845049,-0.9816823748362028,-1.0640470675900138,-0.3168929012648243,-1.368736568959987,3.363731505453528,-1.57050422364396,-0.9816823748362032,-1.368736568959987,2.063115935510398,121,intern,-0.0012848128753855104,-0.0003203382556492551,0.20832709809938388,-0.18576226958948364,18.04258341729925,Low
-0.8230376070386177,0.2772396418192918,-0.3443864700385957,0.3610678204336566,0.0567779111776673,-0.1640825308284732,-0.1441383002645856,-0.4713756783687013,-0.6710438325997886,0.6635953483529642,0.2584973102054844,-0.3168929012648243,-0.196371199401112,0.1570366812488716,-0.1640825308284736,0.6635953483529641,-0.1963711994011124,-0.8580270161961411,4,engineer,-0.14215994223781186,-0.5134803920942004,0.14176302308590716,-0.19498954036777202,17.508800788411733,Low
0.5731869049018966,-0.7192588244163756,-0.5362885693070903,1.0246519228522688,0.6865576302570905,-0.5156879540323448,-0.3741462262187117,-1.170993719520505,0.4786600496385696,-0.7988737389262954,0.378728617277802,0.96348245738093,-0.4894625417908309,0.0422523276529519,-0.5156879540323451,-0.7988737389262959,-0.489462541790831,-0.8766116572093536,50,intern,-0.13362345976443624,-0.21649188909182038,0.16470255466210468,-0.19590266764994707,17.455977858110916,Low
-1.1659699433047093,-1.307663370396121,-0.7800561008103136,-0.0292757692243505,-0.5039954029426358,-0.7500915695015925,-0.6041541521728379,-0.7216977297899886,-0.8243376835649031,0.1151694406232418,-1.1842783746623318,-0.9570805805877016,-3.1272846232983,-0.0165190898032354,-0.7500915695015928,0.1151694406232415,-3.1272846232983,-0.6840385086100764,132,engineer,-0.04511977471616707,0.00023493051624379202,0.08700272847497728,-0.1962667778992694,17.434914671524318,Low
-1.6068829470753982,-1.093651428327616,-1.2805575218754417,-0.6408140596885618,-0.8834240198629625,-0.0468807230938493,-0.8724967324526517,1.4573878204030135,0.4020131241560124,-1.347299646656018,-1.3045096817346498,0.3232947780580529,0.975994170157763,0.4054865310509759,-0.0468807230938498,-1.3472996466560183,0.9759941701577634,-0.8092961841265576,114,manager,-0.08813748771608843,-0.07718797836297586,0.18410025481940692,-0.19731062148257472,17.37453001549416,Low
-0.6025811051532727,-0.9830777908846586,-0.0202275185715436,-0.4976880768139591,-0.8263970545164283,-0.6328897617669687,-0.7574927694755886,0.5491680697334703,0.6702773633449627,-1.347299646656018,0.0180346960608481,-0.9570805805877016,-2.5411019385188625,-1.0772789305687207,-0.632889761766969,-1.3472996466560183,-2.541101938518862,0.6039656476200361,153,analyst,-0.036470665467633,-0.0003151816874409352,0.18916692713107358,-0.1974324860643037,17.367480347356466,Low
0.8671289074156909,-0.780067336366157,-1.394661472791844,-0.9140545724491668,-1.0628214914272902,-0.6328897617669687,-0.5274848435214625,-1.5368490254439249,-0.3644561306695598,-1.347299646656018,-0.823584453445378,-1.5972682599105787,0.975994170157763,1.9831563872047293,-0.632889761766969,-1.3472996466560183,0.9759941701577634,-0.7927913026425889,192,intern,-0.0781056163083444,-0.1198661787370161,0.14752281172713014,-0.2000557526986772,17.215728632898973,Low
-0.4801052707725274,-0.6403102125684385,-0.0150409753480708,1.0506748288294692,0.9052940654559084,-0.5156879540323448,-0.2974769175673364,-0.3654701950750796,1.0535119907577488,0.2979780765331493,-0.2224279180837877,0.3232947780580529,-1.0756452265702685,-0.446507255492966,-0.5156879540323451,0.2979780765331489,-1.0756452265702685,-0.910998375742864,123,engineer,-0.13214993660383179,-0.2673013394297483,0.10804614444054694,-0.20132757308920632,17.142155888818806,Low
1.1365757430533343,-1.0264176342117444,-1.119774681947784,0.6212968802056613,-0.0615480129392899,-0.3984861462977209,-0.9108313867783394,-1.6523822799460577,-1.514160012907918,-1.347299646656018,-0.4628905322284237,0.96348245738093,-1.0756452265702685,-0.1019659662487421,-0.3984861462977213,-1.3472996466560183,-1.0756452265702685,-0.907408280774464,1,intern,-0.08585690180255295,-0.0002395204621180591,0.26781932656463225,-0.20765894365704057,16.77589638399191,Low
1.3080419111863784,-0.7671385958760651,0.508799890222685,0.1008387606616518,-0.0132606429984551,-0.98449518497084,-0.220807608915961,0.7128401802781585,0.2870427359321766,-0.4332564671064805,-0.3426592251561057,0.96348245738093,-0.7825538841805496,-0.7551778325033406,-0.9844951849708404,-0.4332564671064808,-0.7825538841805497,-0.7853978108846711,28,analyst,-0.11751071568790444,-0.2180747730417043,0.1276964909422033,-0.21322847460574312,16.453708063858937,Low
-1.0189989420478136,-0.5113520338713639,-0.1602641856053101,0.5822625212398607,0.2639666978127062,-0.6328897617669687,0.0092003170381651,-0.3943535087006128,-0.441103056152117,-0.0676391952866656,0.0180346960608481,0.3232947780580529,-0.7825538841805496,0.1486423921309452,-0.632889761766969,-0.0676391952866659,-0.7825538841805497,-0.841727316931924,58,engineer,-0.14611389946222025,-0.4795006255834684,0.06904163071918269,-0.21480199439571962,16.362682499498508,Low
0.9406144080441377,-0.6976215829877243,1.0767263731929604,0.2179418375590539,0.0187753645901019,-0.3984861462977209,-0.6808234608242133,-0.9912753236282982,-0.2111622797044453,1.760447163812409,-0.4628905322284237,0.96348245738093,-1.0756452265702685,-1.4879757594308782,-0.3984861462977213,1.7604471638124088,-1.0756452265702685,0.1234846552921955,120,admin,-0.08433588723415497,-0.09475845373257963,0.05880976433772806,-0.21618222174734694,16.282838588778166,Low
-0.6025811051532727,-0.8963033055825661,-1.1301477683947296,0.1268616666388523,-0.3885730290367407,-1.101696992705464,-0.4508155348700871,1.3258082805533624,-0.9393080717887388,-0.9816823748362028,-0.3426592251561057,0.96348245738093,0.0967201429886066,1.1599863450587502,-1.1016969927054645,-0.9816823748362032,0.0967201429886062,-0.8197610843182326,91,manager,-0.10468755275712605,-0.15584219050349568,0.2675741087448624,-0.2305635033858462,15.450904802047582,Low
-0.8965231076670657,-0.6722902380965112,-0.489609680295835,-0.00325286324715,-0.2535390975692269,-0.1640825308284732,-0.1058036459388979,-0.4103997940481313,-0.3261326679282811,0.4807867124430567,-0.1021966110114698,0.3232947780580529,-0.196371199401112,0.4420803473191853,-0.1640825308284736,0.4807867124430564,-0.1963711994011124,0.1475795723115858,141,engineer,-0.14915927817377295,-0.6323576221494129,0.035252256888915326,-0.2351183327267747,15.187415321988581,Low
-0.8720279407909164,-0.8224363122779044,0.1016562471800679,-0.2114361110647538,-0.6489882948001514,-0.7500915695015925,-0.4891501891957748,0.8668845196143355,1.0535119907577488,-1.1644910107461104,-0.943815760517696,0.3232947780580529,-1.0756452265702685,-0.8007128146473272,-0.7500915695015928,-1.1644910107461108,-1.0756452265702685,0.6561334372354583,24,analyst,-0.10134123578973209,-0.23287080525722859,0.16382188735385866,-0.23688598373746217,15.085159581790672,Low
-1.1659699433047093,-1.0548854666669856,0.0290446420514482,-0.875020213483366,-1.0643247215090474,-0.5156879540323448,-0.4124808805443994,0.4914014424824045,0.1720723477083407,-0.2504478311965731,-1.1842783746623318,0.3232947780580529,0.0967201429886066,-0.6420992417128107,-0.5156879540323451,-0.2504478311965734,0.0967201429886062,-0.6197361975783523,138,analyst,-0.11832443767244732,-0.419412159580685,0.20037429920056699,-0.24435919782893475,14.65284628354308,Low
-1.6313781139515475,-1.0771042990883788,-1.1897930154646672,-0.601779700722761,-0.8670256210438676,-0.2812843385630971,-1.1408393127324654,1.329017537622866,-1.1692488482364105,-1.347299646656018,-1.4247409888069678,-1.5972682599105787,2.148359539716638,-0.5999686804193287,-0.2812843385630975,-1.3472996466560183,2.148359539716638,2.0315649995524168,86,manager,-0.011152138082355934,-0.0002895381828768029,0.07993153964773086,-0.24772459142606917,14.458163729548188,Low
0.1812642348835077,-0.7671385958760655,-0.5700011002596638,1.0246519228522688,0.1815819001876144,-0.7500915695015925,-0.3741462262187117,-0.7152792156509812,-1.4758365501666395,0.4807867124430567,-0.823584453445378,-0.3168929012648243,-0.196371199401112,0.0930531840790896,-0.7500915695015928,0.4807867124430564,-0.1963711994011124,-0.7851521489641208,10,engineer,-0.12342606141324208,-0.3604943589320262,0.18447092203337123,-0.24931917204587506,14.36591983038617,Low
-1.7783491152084443,-1.2913061734995843,-1.1353343116182024,-0.00325286324715,-0.4733315268807123,-0.98449518497084,-0.7191581151499009,1.3482730800398883,1.01518852801647,-0.7988737389262954,-0.943815760517696,0.3232947780580529,-0.196371199401112,0.4499735483863401,-0.9844951849708404,-0.7988737389262959,-0.1963711994011124,2.780130362265408,74,manager,-0.07619950155895422,5.595991721296656e-05,0.09239567579266686,-0.25126765064654716,14.253203507782409,Low
-0.4556101038963768,-0.8094139533272801,0.0835033458979129,0.8164686750346649,0.7443312178546868,-0.6328897617669687,-0.4508155348700871,-0.4168183081871387,0.6702773633449627,0.2979780765331493,0.7394225384947563,-0.3168929012648243,-0.4894625417908309,-0.7366376787092203,-0.632889761766969,0.2979780765331489,-0.489462541790831,1.0584370981921516,155,engineer,-0.1252734603711757,-0.32099232750493467,0.11575851507044813,-0.25391842587773344,14.099860465674894,Low
0.5976820717780472,-0.6783723527526608,-1.5761904856133937,-1.317409615095774,-1.3206304663440245,-1.101696992705464,-0.6424888064985256,-1.6941026218496054,-1.4375130874253608,-1.347299646656018,-0.823584453445378,-0.9570805805877016,-0.196371199401112,2.6253566910371995,-1.1016969927054645,-1.3472996466560183,-0.1963711994011124,-0.8239349171787393,118,intern,-0.05427341347115122,-0.08067930374682053,0.06251705286330086,-0.2657417526188069,13.415900215489525,Low
-0.8230376070386177,-0.4670153112146387,-0.116178568205791,0.9726061108978676,0.3573863292234714,-0.2812843385630971,-0.4508155348700871,-0.3012850536850058,0.0954254222257835,0.1151694406232418,-0.1021966110114698,-0.9570805805877016,0.0967201429886066,-0.569666067726263,-0.2812843385630975,0.1151694406232415,0.0967201429886062,-0.7635488648857132,26,engineer,-0.1418330635771335,-0.4487388756714423,0.0451214621344094,-0.2662579595011663,13.386038485695707,Low
-1.9743104502176392,0.4951154339759385,-1.008264002643118,0.4911823503196589,-0.1518114434847106,-0.7500915695015925,-0.949166041104027,1.2519953679547775,-0.63272036985851,-1.347299646656018,-1.1842783746623318,-0.3168929012648243,-1.0756452265702685,-0.4082290536371855,-0.7500915695015928,-1.3472996466560183,-1.0756452265702685,-0.8586010242796082,137,manager,-0.07239179473704643,-0.04224638848563589,0.11026884109812748,-0.2805811745487684,12.55746375694493,Low
0.0832835673789105,0.1341971228917826,-1.5476644978842928,-1.473547050958977,-1.420696604167057,-0.98449518497084,-0.9875006954297147,-1.572150853208465,-0.6710438325997886,-1.1644910107461104,-1.7854349100239215,-0.3168929012648243,2.148359539716638,0.9797641527550064,-0.9844951849708404,-1.1644910107461108,2.148359539716638,-0.846289031434707,150,intern,-0.030544780342094957,1.1364048010387151e-05,0.12879187577524748,-0.28579146930736576,12.256056666988604,Low
-0.3576294363917796,-0.4136449189594839,-0.3962519022733241,-0.5106995298025593,-0.3267745015304073,0.1875228923753983,-0.7958274238012764,-0.2948665395459984,0.2103958104496193,0.8464039842628717,-0.5831218393007417,0.3232947780580529,0.0967201429886066,-0.8473520362725464,0.1875228923753982,0.8464039842628716,0.0967201429886062,0.6252947111395535,29,engineer,-0.13076358333002408,-0.4963507422911648,0.10680015374226492,-0.2877099330331741,12.14507665614977,Low
0.0832835673789105,0.0509417520804084,0.4232219270353831,1.1157320937724704,0.2012806306100419,-0.8672933772362164,-0.7958274238012764,0.7834438358072396,-0.7093672953410672,-1.1644910107461104,-0.1021966110114698,0.3232947780580529,0.3898114853783255,-1.3633636453517677,-0.8672933772362167,-1.1644910107461108,0.389811485378325,-0.6519827524245155,163,analyst,-0.09433981340085362,-0.1380139375677083,0.12067265471211461,-0.29059935268924286,11.977928421635541,Low
0.49970140427345,-0.9676474086573424,0.42581519864712,-1.10922636727817,-1.189556030803296,-0.8672933772362164,-0.7574927694755886,-1.1068085781304309,0.5553069751211268,1.0292126201727791,-0.943815760517696,0.3232947780580529,-1.0756452265702685,-1.320214301407057,-0.8672933772362167,1.029212620172779,-1.0756452265702685,-0.6618508061182508,62,admin,-0.09369369929151189,-0.20670742623685312,0.16636583175511,-0.2930579832021397,11.83570063942662,Low
2.091887251223159,-0.2408811929945295,0.825179026854528,-0.2244475640533541,-0.6511868255247942,-1.2188988004400878,-0.7574927694755886,-1.2480158891885929,-0.0961918914806095,1.760447163812409,-0.2224279180837877,-0.3168929012648243,-0.7825538841805496,-1.478831784611266,-1.2188988004400882,1.7604471638124088,-0.7825538841805497,0.1840259989229478,186,admin,-0.06243112654015637,-0.06168263050664047,0.06751980538200046,-0.2974104587205335,11.583916999366611,Low
1.1365757430533343,-0.7869640482308417,-0.995297644584436,-1.3824668800387752,-1.3686251632510424,-0.6328897617669687,-1.2558432757095286,-0.7024421873729665,-0.7860142208236245,1.2120212560826866,0.4989599243501203,-1.5972682599105787,1.8552681973269196,-1.1707599795831714,-0.632889761766969,1.2120212560826864,1.8552681973269196,-0.7536231273766268,37,engineer,-0.019299514674203322,2.4559801150236815e-05,0.13591447909243926,-0.29985417390671015,11.442552044585076,Low
-3.0031074590159137,-0.7779077294667583,-1.000484187807909,0.2960105554906554,-0.2807461687402612,-1.101696992705464,-0.9108313867783394,1.1653454270781785,-1.0542784600125747,-1.347299646656018,-0.7033531463730596,-1.5972682599105787,1.2690855125474818,-0.3281340428207343,-1.1016969927054645,-1.3472996466560183,1.269085512547482,-0.85971715582593,162,manager,-0.056639192476768796,-7.536411321307224e-05,0.06199057367533004,-0.3000479893462487,11.43134013617557,Low
0.0587884005027599,-1.263226701721509,-0.9123129530088708,-0.2634819230191548,-0.6522616883954757,-0.6328897617669687,-1.0258353497554025,-0.5195145344112566,1.01518852801647,0.2979780765331493,-0.4628905322284237,0.96348245738093,1.2690855125474818,-0.7315149906588531,-0.632889761766969,0.2979780765331489,1.269085512547482,-0.796726882224399,195,engineer,-0.11154978303515978,-0.14389309558250396,0.2431320699575652,-0.3014244444403165,11.351714444428675,Low
-0.1371729345064345,0.5306970377383193,-1.0393832619839551,-1.2133179911869725,-1.263248419492116,-0.2812843385630971,-1.0258353497554025,-0.7505810434155218,0.3636896614147338,0.4807867124430567,0.138266003133166,0.96348245738093,0.3898114853783255,-0.546749666813339,-0.2812843385630975,0.4807867124430564,0.389811485378325,-0.7433320688157501,189,engineer,-0.11462576467477104,-0.29581435777898557,0.2630910346310821,-0.30217316745990563,11.308402033716153,Low
-0.3576294363917796,-1.1043917075937926,-1.0212303607018,1.1157320937724704,0.2620446467733842,-0.7500915695015925,-0.7574927694755886,-1.46303611284534,0.2487192731908979,-0.9816823748362028,-0.823584453445378,-0.9570805805877016,-0.4894625417908309,0.0862409432351382,-0.7500915695015928,-0.9816823748362032,-0.489462541790831,-0.8919370058086109,178,intern,-0.11961284120583798,-0.2640866279805827,0.15387201222114388,-0.3053324183690025,11.125644499436248,Low
-0.6025811051532727,-0.8963033055825669,-0.5803741867066093,0.985617563886468,0.1544873083929167,-0.6328897617669687,-0.9108313867783394,-0.625420017704878,-1.3991896246840825,0.2979780765331493,-1.5449722958792858,-1.5972682599105787,0.0967201429886066,-0.8743776293082186,-0.632889761766969,0.2979780765331489,0.0967201429886062,-0.7625886032916678,6,engineer,-0.10673971772629126,-0.22590628529406742,0.12724006481445765,-0.3148677304516004,10.574042181371826,Low
-0.6025811051532727,-0.7800673363661577,-0.8967533233384524,-1.0311576493465688,-1.154319060912727,-0.98449518497084,-0.8724967324526517,-0.7537903004850257,0.1337488849670621,0.1151694406232418,0.4989599243501203,0.96348245738093,-1.661827911349706,-0.4073626745828366,-0.9844951849708404,0.1151694406232415,-1.661827911349706,-0.7317170619159443,83,engineer,-0.09471525512412327,-0.17579433373906395,0.20107895310902096,-0.31515018199326417,10.557702818404675,Low
0.965109574920288,-0.3828748823401138,-0.564814557036191,0.3740792734222568,-0.2426198209275082,-1.2188988004400878,-0.5274848435214625,-0.6960236732339592,-1.5524834756491968,0.2979780765331493,-1.3045096817346498,-0.9570805805877016,-1.0756452265702685,-0.1933566723615894,-1.2188988004400882,0.2979780765331489,-1.0756452265702685,-0.8133365693356273,22,engineer,-0.09172147297351835,-0.3508456667636728,0.14702815874943995,-0.320560483518859,10.244725661800429,Low
0.965109574920288,-1.1575040183200171,-0.6400194337765471,0.3480563674450563,-0.2607521790775149,-0.7500915695015925,-0.834162078126964,-0.6157922464963672,0.1720723477083407,0.4807867124430567,-0.823584453445378,-0.3168929012648243,0.3898114853783255,-0.6681427699418686,-0.7500915695015928,0.4807867124430564,0.389811485378325,1.9952846936610047,194,engineer,-0.11456007842654903,-0.24994245616889055,0.10740083816796213,-0.32258508442054507,10.127605787710154,Low
0.6221772386541953,-1.2265784094838157,-1.438747090191363,-1.0571805553237692,-1.1550578498142066,-0.5156879540323448,-0.834162078126964,-1.5753601102779689,-0.5177499816346742,-1.1644910107461104,-0.823584453445378,-0.9570805805877016,-0.7825538841805496,1.0925488652454804,-0.5156879540323451,-1.1644910107461108,-0.7825538841805497,-0.8321853657643158,112,intern,-0.09977392377784289,-0.3542198026025307,0.07363687934916138,-0.32584280691023865,9.939151832416432,Low
-0.0881826007541359,-1.4129881431414195,-0.4662702357902072,-2.475428931081195,-1.8986205777435436,-0.5156879540323448,-1.3708472386865918,0.4400533293703451,-2.2806292677334903,-1.1644910107461104,-0.943815760517696,-1.5972682599105787,1.2690855125474818,-1.769882407281878,-0.5156879540323451,-1.1644910107461108,1.269085512547482,-0.5895720577455994,177,analyst,-0.032291214484072905,0.00043170591608920894,0.04822593906081493,-0.3280837901476302,9.809514591623373,Low
1.234556410557932,-0.8229861954149417,0.7525674217259081,0.0748158546844513,-0.4762402943312107,-0.6328897617669687,-1.1408393127324654,-1.2768992028141262,-0.4794265188933956,1.394829891992594,0.138266003133166,0.96348245738093,0.0967201429886066,-1.8485223472741363,-0.632889761766969,1.394829891992594,0.0967201429886062,0.4438531347609964,116,admin,-0.07752923544970175,-0.13040070047205643,0.11032926260604474,-0.3307663950852079,9.654330252694452,Low
-0.8230376070386177,0.1393802708106134,-0.0176342469598073,-0.6928598716429627,-0.944679256151278,-1.2188988004400878,-0.5658194978471502,0.7192586944171662,0.3636896614147338,-1.1644910107461104,-0.943815760517696,-0.3168929012648243,0.6829028277680442,-0.814439596197733,-1.2188988004400882,-1.1644910107461108,0.6829028277680447,-0.6892457063138311,95,analyst,-0.09171536389720275,-0.36383910435344813,0.12968385825089276,-0.3340755861333278,9.462898924883767,Low
0.2057594017596557,-1.098003147491562,0.7421943352789624,-0.1854132050875533,-0.6247847742583572,-1.101696992705464,-0.9108313867783394,-1.1549474341729862,-0.2111622797044453,1.760447163812409,0.378728617277802,-0.3168929012648243,-0.4894625417908309,-1.608019154580564,-1.1016969927054645,1.7604471638124088,-0.489462541790831,0.3113146847349881,199,admin,-0.07351801538472136,-0.14109514233299847,0.07700729671750617,-0.33811407231725443,9.229279057885332,Low
0.4507110705211514,-1.1579844950930356,-1.0653159781013193,-1.6296844868221798,-1.5279435499164462,-0.3984861462977209,-1.0258353497554025,-0.7345347580680033,-1.4375130874253608,-0.9816823748362028,-0.7033531463730596,-0.9570805805877016,-1.368736568959987,-0.5043588255959366,-0.3984861462977213,-0.9816823748362032,-1.368736568959987,-0.6383390279862668,19,engineer,-0.08586863726858651,-0.36645115016826524,0.060808025737960944,-0.3532678594428007,8.35265708332393,Low
-0.9455134414193656,-1.3597449584644987,-1.4154076456857354,-0.979111837392168,-1.1045626365975998,-0.7500915695015925,-1.102504658406778,-1.3250380588566817,0.8618946770513557,-0.9816823748362028,-0.7033531463730596,0.3232947780580529,-0.196371199401112,0.0384250233113447,-0.7500915695015928,-0.9816823748362032,-0.1963711994011124,-0.7222461358254463,154,intern,-0.10755466132410801,-0.26506213378526966,0.2675500996088062,-0.35390950553374373,8.315538899034285,Low
1.5284984130717236,-0.7772332490973103,-1.0627227064895828,0.8815259399776662,0.1103170508974143,-1.5705042236439597,-1.2175086213838409,-1.4469898274978217,0.7086008260862413,-1.1644910107461104,-1.1842783746623318,0.3232947780580529,-1.661827911349706,-0.9971629566993262,-1.57050422364396,-1.1644910107461108,-1.661827911349706,-0.9315056029764166,55,intern,-0.01655103697323579,0.0002612166149101869,0.2788984374362813,-0.36361738796396514,7.753953666624349,Low
0.4507110705211514,-0.9917957746581884,0.2468794574373069,0.2439647435362544,-0.3524088579587749,-0.7500915695015925,-0.9108313867783394,0.5716328692199962,0.6702773633449627,-0.4332564671064805,-0.823584453445378,-0.3168929012648243,-0.4894625417908309,-1.422607906077664,-0.7500915695015928,-0.4332564671064808,-0.489462541790831,-0.7182513817056906,17,analyst,-0.12282310738399382,-0.3469878694277879,0.09734158608249449,-0.36616809596559813,7.606399351231359,Low
0.5976820717780472,-0.1061602346408761,-0.8345148046567783,-0.2504704700305545,-0.6461446174175212,-0.8672933772362164,-0.6041541521728379,-0.7249069868594924,-0.7476907580823459,-0.4332564671064805,0.0180346960608481,0.3232947780580529,0.0967201429886066,0.0781967013874936,-0.8672933772362167,-0.4332564671064808,0.0967201429886062,1.582470501676109,99,engineer,-0.12336113559612277,-0.5315183130462169,0.0749799480548583,-0.3662010948903515,7.604490417026591,Low
0.4262159036450008,-1.1716455868889657,-0.7048512240699575,0.2960105554906554,-0.2913331843536463,-0.8672933772362164,-0.949166041104027,-0.760208814624033,-1.0542784600125747,0.2979780765331493,0.0180346960608481,0.96348245738093,0.0967201429886066,-0.818317020750092,-0.8672933772362167,0.2979780765331489,0.0967201429886062,-0.7925441953992611,151,engineer,-0.13022464592231736,-0.3338439372739106,0.2118681765685637,-0.36731069755431534,7.540301704976997,Low
0.6711675724064938,-0.7139960537695466,-0.5803741867066093,0.5952739742284608,-0.1012699699186325,-0.6328897617669687,-0.949166041104027,-0.6286292747743819,-0.4027795934108384,0.8464039842628717,-0.943815760517696,-1.5972682599105787,0.3898114853783255,-0.944625004113708,-0.632889761766969,0.8464039842628716,0.389811485378325,-0.7272366022251103,15,engineer,-0.11944438212242159,-0.3481307629138528,0.05743879563483827,-0.36737237041746623,7.536734030004114,Low
0.4752062373972994,0.0517447522406084,-0.8656340639976152,-0.5367224357797598,-0.8304678000176458,-0.8672933772362164,-0.6808234608242133,-0.5804904187318266,-0.0195449659980522,0.6635953483529642,-0.7033531463730596,0.3232947780580529,-1.0756452265702685,-0.0329362484859453,-0.8672933772362167,0.6635953483529641,-1.0756452265702685,-0.7047986314975797,84,engineer,-0.12325045287430902,-0.4817886977134649,0.0694300117884728,-0.3699018384108523,7.390408414593173,Low
-1.1169796095524107,-1.215172739319629,-1.6202761030129122,-2.6055434609671977,-2.080947407891312,-1.2188988004400878,-1.3708472386865918,1.053021429645549,-2.1656588795096545,-1.5301082825659251,-1.9056662170962395,-2.237455939233456,-0.7825538841805496,-0.4222106190659891,-1.2188988004400882,-1.5301082825659258,-0.7825538841805497,-0.6793174841350306,81,manager,0.010456141255431595,-6.817180459395278e-05,0.1362640699860643,-0.37249991785793657,7.240113738014871,Low
0.7936434067872417,-1.2531170267025022,-0.4455240628963159,-2.475428931081195,-1.878374326770187,-1.4533024159093355,-1.1408393127324654,0.4560996147178639,-2.1656588795096545,-1.347299646656018,-1.3045096817346498,-2.237455939233456,0.6829028277680442,-1.3879508736844848,-1.453302415909336,-1.3472996466560183,0.6829028277680447,-0.6435869822275654,47,analyst,-0.021978644023064153,-0.028578474659832542,0.07281240918850071,-0.3763144546310289,7.01944898072604,Low
-0.6025811051532727,-1.287196103833164,-1.244251719311132,-2.579520554989997,-1.994373219740634,-1.101696992705464,-1.2558432757095286,-0.8468587555006324,-2.6638638951462763,0.1151694406232418,-1.6652036029516035,-2.237455939233456,1.2690855125474818,-0.8421953344465906,-1.1016969927054645,0.1151694406232415,1.269085512547482,-0.740700533213753,135,engineer,-0.03225169329735811,-0.06323562362795498,0.02857516853820735,-0.38253649302791726,6.659514164426415,Low
0.6956627392826444,-1.0794161632622468,-0.627053075717865,0.3740792734222568,-0.2429132714935813,-0.8672933772362164,-0.9108313867783394,-0.6767681308169371,-1.130925385495132,-0.7988737389262954,-0.823584453445378,-0.3168929012648243,0.6829028277680442,-0.8272551667057788,-0.8672933772362167,-0.7988737389262959,0.6829028277680447,-0.80452202448739,98,engineer,-0.12696244748790753,-0.4023277641127958,0.1547741848575678,-0.3843501626252256,6.554596323729409,Low
-0.0146971001256893,0.2161805413081745,-0.92009276784408,-0.6538255126771619,-0.9013374394869982,-1.2188988004400878,-0.7191581151499009,-0.5772811616623228,0.0571019594845049,0.6635953483529642,-0.943815760517696,-1.5972682599105787,-0.196371199401112,-0.0205611377929123,-1.2188988004400882,0.6635953483529641,-0.1963711994011124,-0.8705388377938064,166,engineer,-0.10492061009115689,-0.44081772083152937,0.12469583225001601,-0.388697741471716,6.3030959481865265,Low
-0.0146971001256893,-0.9972806871506886,0.0264513704397117,-0.5367224357797598,-0.8464911138196742,-0.6328897617669687,-0.7574927694755886,0.5716328692199962,-0.5177499816346742,-0.2504478311965731,-0.4628905322284237,-0.9570805805877016,0.3898114853783255,-1.107072058351402,-0.632889761766969,-0.2504478311965734,0.389811485378325,-0.6304017843344593,54,analyst,-0.11372529096263606,-0.5808848939778462,0.030709018368664062,-0.38951998809976734,6.255530316131177,Low
0.7201579061587925,0.1349800029396922,0.1172158768504863,-0.0813215811787514,-0.5544566758933619,-1.4533024159093355,-0.7958274238012764,0.5587958409419815,-0.6710438325997886,-0.9816823748362028,-0.7033531463730596,-0.9570805805877016,-0.4894625417908309,-1.2116555727889244,-1.453302415909336,-0.9816823748362032,-0.489462541790831,-0.7411001560679881,136,analyst,-0.08708972824855243,-0.32232758572874687,0.1023802569928462,-0.39584750270901436,5.889493872246243,Low
0.8671289074156909,-1.392768932790566,-0.4221846183906881,-2.475428931081195,-1.8985490373644904,-1.5705042236439597,-1.2558432757095286,0.3534033884937457,-2.3572761932160478,-1.1644910107461104,-1.1842783746623318,-2.237455939233456,-1.368736568959987,-1.5955062818757724,-1.57050422364396,-1.1644910107461108,-1.368736568959987,-0.5307275682711194,130,analyst,0.001033123918253498,0.0002772940901879517,0.06835851273155485,-0.39758603989854546,5.788922319319652,Low
-0.676066605781722,-1.3145933431996248,-1.319456596051488,-2.566509102001397,-2.0178239064156447,-0.8672933772362164,-1.4091818930122793,-0.8051384135970845,-2.6638638951462763,0.4807867124430567,-0.823584453445378,-2.237455939233456,-0.7825538841805496,-1.2034409287949404,-0.8672933772362167,0.4807867124430564,-0.7825538841805497,-0.581623192341633,31,engineer,-0.04784844759903345,-0.1338447643262699,0.05897510099603361,-0.40753517653794996,5.213380922719655,Low
-0.2841439357633304,-1.1676180288226603,-1.8147714738931435,-2.6575892729215984,-2.1144289276785644,-1.5705042236439597,-1.332512584360904,-1.7358229637531533,-3.0470985225590623,-1.1644910107461104,-1.7854349100239215,-2.237455939233456,-0.196371199401112,0.689948319317246,-1.57050422364396,-1.1644910107461108,-0.1963711994011124,-0.658609354051307,134,intern,0.02219288333792402,0.00011449515006112243,0.04925201178256262,-0.4094786486802999,5.100954215599045,Low
0.8181385736633924,-1.389873202476523,0.2053871116495244,-2.3843487601609934,-1.8009409936084018,-0.98449518497084,-1.677524473292093,-1.3988509714552664,-2.893804671593948,1.2120212560826866,-1.4247409888069678,-1.5972682599105787,0.6829028277680442,-2.3675529163654163,-0.9844951849708404,1.2120212560826864,0.6829028277680447,-0.5624742600864712,12,admin,0.014467024640469561,-0.00030937463413893695,0.10200331239694437,-0.41439115256235487,4.816773844220603,Low
-0.5046004376486755,-1.0635920427954026,-0.958991842020126,-0.9530889314149674,-1.0992744701799928,-0.5156879540323448,-1.102504658406778,-0.5772811616623228,0.2103958104496193,-0.0676391952866656,-0.823584453445378,-1.5972682599105787,-0.4894625417908309,-0.847966794594527,-0.5156879540323451,-0.0676391952866659,-0.489462541790831,-0.7527264194605057,143,engineer,-0.12108872190787318,-0.5064163380082709,0.12019914347255038,-0.4169705566381372,4.667559507542205,Low
-0.6515714389055713,-1.1081404589650088,-0.8863802368915065,-0.6147911537113612,-0.8861239943340198,-0.98449518497084,-1.1791739670581531,-0.423236822326146,0.2870427359321766,-0.0676391952866656,-0.5831218393007417,0.3232947780580529,0.0967201429886066,-1.107072058351402,-0.9844951849708404,-0.0676391952866659,0.0967201429886062,1.535889713897202,49,engineer,-0.10320826795233501,-0.35340389720054355,0.1569706121827802,-0.430052174767134,3.9108091441055146,Low
0.2057594017596557,-1.4893745901537954,-1.3142700528280151,-2.592532007978597,-2.0267274707709952,-1.3361006081747118,-1.4091818930122793,-0.8982068686126915,-2.702187357887555,-0.0676391952866656,-1.0640470675900138,-2.877643618556333,-0.7825538841805496,-1.2106012121503231,-1.3361006081747122,-0.0676391952866659,-0.7825538841805497,-0.6217229973396744,179,engineer,-0.023256167001876382,-0.1141898097785854,0.04195099669233239,-0.4446780924612864,3.064723558858899,Low
-0.333134269515629,-1.5863263255357554,-1.2053526451350858,-2.5534976490127965,-2.006948192860955,-1.2188988004400878,-1.4858512016636547,-0.8789513261956691,-2.6255404324049976,0.6635953483529642,-1.9056662170962395,-2.237455939233456,-0.4894625417908309,-1.5661724415256977,-1.2188988004400882,0.6635953483529641,-0.489462541790831,-0.6752437536267571,14,engineer,-0.037336624566559284,-0.11100347690173629,0.029743995741998357,-0.4535503776108418,2.5514762720758153,Low
0.965109574920288,-1.0820393443803218,-1.340202768945379,-2.579520554989997,-2.031331798365655,-1.3361006081747118,-1.447516547337967,-0.840440241361625,-2.6638638951462763,0.2979780765331493,-1.0640470675900138,-2.237455939233456,0.0967201429886066,-1.300050068508961,-1.3361006081747122,0.2979780765331489,0.0967201429886062,-0.5584267787814012,56,engineer,-0.03443008538747816,-0.17400724777483645,0.057160495591381005,-0.46837013350630996,1.694177461687853,Low
-0.9945037751716642,-1.410242377303168,-1.252031534146341,-2.566509102001397,-2.0111302635683823,-1.4533024159093355,-1.4858512016636547,-0.8500680125701362,-2.6638638951462763,-0.2504478311965731,-0.5831218393007417,-2.237455939233456,-0.4894625417908309,-1.5217690685826286,-1.453302415909336,-0.2504478311965734,-0.489462541790831,-0.5880578339397625,184,engineer,-0.048229584623902255,-0.13765330943506848,0.06690610565035669,-0.48134676882204874,0.9435001834998062,Low
-0.553590771400974,-1.6554230828735088,-1.2805575218754417,-2.566509102001397,-2.0064971768859943,-1.4533024159093355,-1.447516547337967,-0.8500680125701362,-2.6255404324049976,-0.0676391952866656,-0.5831218393007417,-2.237455939233456,-0.4894625417908309,-1.3739941623635863,-1.453302415909336,-0.0676391952866659,-0.489462541790831,-0.6596992556346609,144,engineer,-0.04893059817634937,-0.16747820006847514,0.047566660240979025,-0.4842472814924037,0.7757102361248349,Low
-0.5780859382771247,-0.9935731629053888,-1.3272364108866972,-2.566509102001397,-2.037601882375654,-1.8049078391132072,-1.6391898189664054,-0.7698365858325439,-2.702187357887555,1.0292126201727791,-1.3045096817346498,-1.5972682599105787,-0.7825538841805496,-1.938606574890845,-1.804907839113208,1.029212620172779,-0.7825538841805497,-0.5906625187368083,57,engineer,0.0060014100458510855,0.00012831792126755115,0.10858247930915291,-0.4902088733141567,0.4308418312160645,Low
-0.333134269515629,-1.5148344332616166,-1.252031534146341,-2.592532007978597,-2.0317245506595114,-1.4533024159093355,-1.56252051031503,-0.8789513261956691,-2.817157746111391,-0.2504478311965731,-0.5831218393007417,-1.5972682599105787,0.0967201429886066,-1.7525569699287022,-1.453302415909336,-0.2504478311965734,0.0967201429886062,-0.6236197549443259,175,engineer,-0.036323100809918185,-0.16283312754126933,0.07855269996296083,-0.4976566507877882,0.0,Low
